POSTCODE,year,occurence
3000,2011,"21,862"
3002,2011,917
3003,2011,476
3004,2011,167
3006,2011,"2,041"
3008,2011,941
3011,2011,"3,413"
3012,2011,"2,390"
3013,2011,977
3015,2011,"1,098"
3016,2011,"1,207"
3018,2011,996
3019,2011,"1,094"
3020,2011,"5,710"
3021,2011,"4,313"
3022,2011,575
3023,2011,"4,264"
3024,2011,"1,202"
3025,2011,"1,120"
3026,2011,517
3027,2011,164
3028,2011,"1,996"
3029,2011,"5,381"
3030,2011,"5,889"
3031,2011,"2,113"
3032,2011,"3,114"
3033,2011,636
3034,2011,415
3036,2011,265
3037,2011,"2,387"
3038,2011,"1,790"
3039,2011,"1,188"
3040,2011,"1,350"
3041,2011,607
3042,2011,"1,334"
3043,2011,"1,570"
3044,2011,"1,237"
3045,2011,523
3046,2011,"2,314"
3047,2011,"3,607"
3048,2011,"1,375"
3049,2011,408
3051,2011,"1,682"
3052,2011,793
3053,2011,"1,659"
3054,2011,516
3055,2011,586
3056,2011,"2,301"
3057,2011,594
3058,2011,"3,569"
3059,2011,476
3060,2011,"1,022"
3061,2011,"1,246"
3062,2011,164
3063,2011,19
3064,2011,"3,803"
3065,2011,"2,307"
3066,2011,"1,528"
3067,2011,884
3068,2011,"1,386"
3070,2011,"1,718"
3071,2011,"1,196"
3072,2011,"4,458"
3073,2011,"3,448"
3074,2011,"2,078"
3075,2011,"1,413"
3076,2011,"2,752"
3078,2011,636
3079,2011,677
3081,2011,"1,537"
3082,2011,"1,796"
3083,2011,"1,713"
3084,2011,"1,897"
3085,2011,536
3087,2011,513
3088,2011,"1,427"
3089,2011,478
3090,2011,59
3091,2011,38
3093,2011,108
3094,2011,288
3095,2011,809
3096,2011,47
3097,2011,38
3099,2011,212
3101,2011,961
3102,2011,199
3103,2011,505
3104,2011,516
3105,2011,365
3106,2011,492
3107,2011,500
3108,2011,"1,499"
3109,2011,765
3111,2011,208
3113,2011,140
3114,2011,105
3115,2011,66
3116,2011,473
3121,2011,"4,135"
3122,2011,"1,595"
3123,2011,421
3124,2011,"1,036"
3125,2011,594
3126,2011,248
3127,2011,574
3128,2011,"1,623"
3129,2011,380
3130,2011,"1,020"
3131,2011,998
3132,2011,652
3133,2011,526
3134,2011,"3,176"
3135,2011,743
3136,2011,"1,801"
3137,2011,742
3138,2011,956
3139,2011,369
3140,2011,"1,296"
3141,2011,"1,926"
3142,2011,733
3143,2011,398
3144,2011,970
3145,2011,"1,631"
3146,2011,652
3147,2011,602
3148,2011,736
3149,2011,"1,585"
3150,2011,"1,826"
3151,2011,324
3152,2011,"1,919"
3153,2011,"1,629"
3154,2011,159
3155,2011,"1,609"
3156,2011,"1,850"
3158,2011,328
3159,2011,65
3160,2011,481
3161,2011,562
3162,2011,937
3163,2011,"1,020"
3165,2011,661
3166,2011,"1,371"
3167,2011,381
3168,2011,"1,679"
3169,2011,763
3170,2011,837
3171,2011,"1,799"
3172,2011,753
3173,2011,"1,220"
3174,2011,"2,384"
3175,2011,"8,472"
3177,2011,951
3178,2011,"1,180"
3179,2011,303
3180,2011,400
3181,2011,"2,928"
3182,2011,"4,279"
3183,2011,955
3184,2011,806
3185,2011,942
3186,2011,"1,091"
3187,2011,449
3188,2011,899
3189,2011,"1,049"
3190,2011,717
3191,2011,775
3192,2011,"1,683"
3193,2011,536
3194,2011,745
3195,2011,"2,018"
3196,2011,"1,238"
3197,2011,676
3198,2011,"1,641"
3199,2011,"7,401"
3200,2011,629
3201,2011,"1,371"
3202,2011,107
3204,2011,"1,264"
3205,2011,"2,022"
3206,2011,727
3207,2011,"2,475"
3211,2011,79
3212,2011,743
3213,2011,106
3214,2011,"3,135"
3215,2011,"1,319"
3216,2011,"2,464"
3217,2011,0
3218,2011,698
3219,2011,"1,514"
3220,2011,"3,215"
3221,2011,334
3222,2011,355
3223,2011,278
3224,2011,335
3225,2011,339
3226,2011,450
3227,2011,375
3228,2011,666
3230,2011,124
3231,2011,64
3232,2011,189
3233,2011,145
3235,2011,12
3236,2011,6
3237,2011,11
3238,2011,17
3239,2011,25
3240,2011,40
3241,2011,164
3242,2011,26
3243,2011,16
3249,2011,114
3250,2011,"1,025"
3251,2011,11
3254,2011,17
3260,2011,204
3264,2011,222
3265,2011,100
3266,2011,103
3267,2011,6
3268,2011,81
3269,2011,52
3270,2011,6
3271,2011,9
3272,2011,71
3273,2011,9
3274,2011,12
3275,2011,10
3276,2011,10
3277,2011,59
3278,2011,5
3279,2011,7
3280,2011,"2,318"
3281,2011,8
3282,2011,116
3283,2011,47
3284,2011,194
3285,2011,28
3286,2011,8
3287,2011,5
3289,2011,16
3292,2011,12
3293,2011,11
3294,2011,11
3300,2011,847
3301,2011,14
3302,2011,12
3303,2011,5
3304,2011,143
3305,2011,"1,004"
3309,2011,1
3310,2011,21
3311,2011,78
3312,2011,18
3314,2011,9
3315,2011,50
3317,2011,5
3318,2011,31
3319,2011,10
3321,2011,26
3322,2011,4
3323,2011,6
3324,2011,36
3325,2011,27
3328,2011,20
3329,2011,3
3330,2011,15
3331,2011,83
3332,2011,8
3333,2011,59
3334,2011,19
3335,2011,311
3337,2011,"3,564"
3338,2011,"1,297"
3340,2011,"1,096"
3341,2011,28
3342,2011,154
3345,2011,37
3350,2011,"6,323"
3351,2011,213
3352,2011,494
3354,2011,8
3355,2011,"1,731"
3356,2011,"1,335"
3357,2011,101
3360,2011,14
3361,2011,13
3363,2011,209
3364,2011,55
3370,2011,60
3371,2011,35
3373,2011,111
3375,2011,6
3377,2011,"1,053"
3378,2011,3
3379,2011,27
3380,2011,615
3381,2011,65
3384,2011,15
3385,2011,11
3387,2011,4
3388,2011,29
3390,2011,55
3391,2011,25
3392,2011,12
3393,2011,187
3395,2011,33
3396,2011,21
3399,2011,14
3400,2011,"1,905"
3401,2011,86
3407,2011,12
3409,2011,15
3412,2011,16
3413,2011,3
3414,2011,73
3415,2011,11
3418,2011,133
3419,2011,41
3420,2011,3
3422,2011,1
3423,2011,24
3424,2011,36
3427,2011,113
3428,2011,58
3429,2011,"1,810"
3430,2011,14
3431,2011,87
3432,2011,2
3433,2011,10
3434,2011,160
3435,2011,66
3437,2011,272
3438,2011,52
3440,2011,73
3441,2011,25
3442,2011,250
3444,2011,458
3446,2011,74
3447,2011,12
3448,2011,22
3450,2011,600
3451,2011,119
3453,2011,37
3458,2011,73
3460,2011,213
3461,2011,117
3462,2011,39
3463,2011,79
3464,2011,28
3465,2011,715
3467,2011,26
3468,2011,5
3469,2011,7
3472,2011,85
3475,2011,22
3477,2011,1
3478,2011,219
3480,2011,102
3482,2011,12
3483,2011,40
3485,2011,5
3487,2011,8
3488,2011,3
3489,2011,6
3490,2011,59
3491,2011,8
3494,2011,42
3496,2011,413
3498,2011,231
3500,2011,"4,143"
3501,2011,50
3505,2011,300
3506,2011,6
3507,2011,3
3509,2011,17
3512,2011,9
3515,2011,38
3516,2011,35
3517,2011,84
3518,2011,128
3520,2011,15
3521,2011,19
3522,2011,14
3523,2011,96
3525,2011,84
3527,2011,32
3529,2011,3
3530,2011,2
3531,2011,4
3533,2011,23
3537,2011,25
3539,2011,22
3540,2011,7
3542,2011,3
3544,2011,12
3546,2011,48
3549,2011,371
3550,2011,"3,820"
3551,2011,649
3555,2011,"1,130"
3556,2011,893
3557,2011,38
3558,2011,74
3559,2011,29
3561,2011,203
3562,2011,11
3563,2011,14
3564,2011,"1,592"
3565,2011,7
3566,2011,16
3567,2011,15
3568,2011,102
3570,2011,34
3571,2011,16
3572,2011,8
3573,2011,17
3575,2011,19
3576,2011,1
3578,2011,1
3579,2011,334
3580,2011,8
3581,2011,14
3583,2011,7
3584,2011,37
3585,2011,"1,243"
3586,2011,10
3588,2011,4
3589,2011,19
3590,2011,3
3591,2011,0
3594,2011,0
3595,2011,32
3596,2011,3
3597,2011,16
3599,2011,5
3607,2011,5
3608,2011,129
3610,2011,149
3612,2011,134
3614,2011,25
3616,2011,366
3617,2011,5
3618,2011,23
3620,2011,354
3621,2011,90
3622,2011,9
3623,2011,41
3624,2011,10
3629,2011,803
3630,2011,"4,482"
3631,2011,384
3633,2011,22
3634,2011,43
3635,2011,12
3636,2011,201
3637,2011,15
3638,2011,109
3639,2011,22
3640,2011,35
3641,2011,42
3644,2011,607
3646,2011,28
3647,2011,0
3649,2011,12
3658,2011,241
3659,2011,37
3660,2011,"1,008"
3662,2011,25
3663,2011,7
3664,2011,28
3665,2011,25
3666,2011,182
3669,2011,48
3670,2011,26
3672,2011,838
3673,2011,49
3675,2011,63
3677,2011,"2,000"
3678,2011,97
3682,2011,19
3683,2011,88
3685,2011,90
3687,2011,37
3688,2011,62
3690,2011,"2,993"
3691,2011,190
3695,2011,16
3697,2011,15
3698,2011,9
3699,2011,47
3700,2011,60
3701,2011,37
3704,2011,0
3705,2011,7
3707,2011,117
3708,2011,0
3709,2011,14
3711,2011,12
3712,2011,19
3713,2011,113
3714,2011,140
3715,2011,8
3717,2011,105
3718,2011,17
3719,2011,4
3720,2011,55
3722,2011,240
3723,2011,127
3724,2011,1
3725,2011,12
3726,2011,5
3727,2011,3
3728,2011,14
3730,2011,365
3732,2011,16
3733,2011,5
3735,2011,1
3737,2011,237
3738,2011,4
3739,2011,1
3740,2011,20
3741,2011,118
3744,2011,3
3746,2011,10
3747,2011,145
3749,2011,31
3750,2011,258
3751,2011,18
3752,2011,"1,062"
3753,2011,70
3754,2011,"1,143"
3755,2011,15
3756,2011,545
3757,2011,369
3758,2011,94
3759,2011,18
3760,2011,0
3761,2011,23
3762,2011,5
3763,2011,81
3764,2011,362
3765,2011,248
3766,2011,26
3767,2011,29
3770,2011,86
3775,2011,96
3777,2011,392
3778,2011,7
3779,2011,42
3781,2011,124
3782,2011,251
3783,2011,94
3785,2011,6
3786,2011,50
3787,2011,17
3788,2011,112
3789,2011,10
3791,2011,23
3792,2011,19
3793,2011,111
3795,2011,37
3796,2011,246
3797,2011,138
3799,2011,199
3802,2011,"1,079"
3803,2011,810
3804,2011,231
3805,2011,"3,690"
3806,2011,"1,745"
3807,2011,292
3808,2011,136
3809,2011,279
3810,2011,"2,965"
3812,2011,76
3813,2011,22
3814,2011,49
3815,2011,109
3816,2011,95
3818,2011,598
3820,2011,"1,062"
3821,2011,57
3822,2011,26
3823,2011,85
3824,2011,268
3825,2011,"2,399"
3831,2011,48
3833,2011,37
3835,2011,36
3840,2011,"3,256"
3842,2011,593
3844,2011,"2,852"
3847,2011,139
3850,2011,"1,758"
3851,2011,386
3852,2011,0
3854,2011,27
3856,2011,17
3857,2011,20
3858,2011,204
3859,2011,34
3860,2011,405
3862,2011,84
3864,2011,12
3865,2011,10
3869,2011,75
3870,2011,56
3871,2011,103
3873,2011,12
3874,2011,46
3875,2011,"1,476"
3878,2011,12
3880,2011,108
3882,2011,12
3885,2011,54
3886,2011,13
3887,2011,36
3888,2011,245
3889,2011,12
3890,2011,26
3891,2011,9
3892,2011,87
3893,2011,1
3895,2011,2
3896,2011,14
3898,2011,25
3900,2011,10
3902,2011,9
3903,2011,29
3904,2011,23
3909,2011,713
3910,2011,903
3911,2011,197
3912,2011,637
3913,2011,219
3915,2011,"1,137"
3916,2011,42
3918,2011,106
3919,2011,207
3920,2011,12
3921,2011,0
3922,2011,510
3923,2011,14
3925,2011,155
3926,2011,111
3927,2011,36
3928,2011,2
3929,2011,79
3930,2011,802
3931,2011,"1,778"
3933,2011,46
3934,2011,499
3936,2011,495
3937,2011,43
3938,2011,84
3939,2011,"1,191"
3940,2011,238
3941,2011,879
3942,2011,107
3943,2011,182
3944,2011,73
3945,2011,25
3946,2011,4
3950,2011,192
3951,2011,12
3953,2011,398
3954,2011,5
3956,2011,119
3957,2011,8
3958,2011,2
3959,2011,16
3960,2011,95
3962,2011,45
3964,2011,1
3965,2011,12
3966,2011,19
3967,2011,2
3971,2011,203
3975,2011,475
3976,2011,"1,076"
3977,2011,"4,313"
3978,2011,141
3979,2011,5
3980,2011,141
3981,2011,223
3984,2011,245
3987,2011,36
3988,2011,14
3990,2011,8
3991,2011,49
3992,2011,16
3995,2011,870
3996,2011,255
3000,2012,"24,674"
3002,2012,741
3003,2012,639
3004,2012,163
3006,2012,"2,136"
3008,2012,855
3011,2012,"3,178"
3012,2012,"1,952"
3013,2012,849
3015,2012,"1,210"
3016,2012,"1,426"
3018,2012,947
3019,2012,963
3020,2012,"6,178"
3021,2012,"4,743"
3022,2012,681
3023,2012,"4,392"
3024,2012,979
3025,2012,"1,208"
3026,2012,776
3027,2012,152
3028,2012,"2,027"
3029,2012,"5,084"
3030,2012,"5,969"
3031,2012,"2,269"
3032,2012,"3,040"
3033,2012,762
3034,2012,430
3036,2012,242
3037,2012,"2,587"
3038,2012,"2,143"
3039,2012,"1,384"
3040,2012,"1,454"
3041,2012,593
3042,2012,"1,396"
3043,2012,"1,500"
3044,2012,"1,274"
3045,2012,649
3046,2012,"2,199"
3047,2012,"3,907"
3048,2012,"1,506"
3049,2012,483
3051,2012,"1,685"
3052,2012,719
3053,2012,"1,660"
3054,2012,462
3055,2012,652
3056,2012,"2,263"
3057,2012,662
3058,2012,"3,641"
3059,2012,493
3060,2012,"1,109"
3061,2012,"1,251"
3062,2012,124
3063,2012,21
3064,2012,"3,521"
3065,2012,"2,362"
3066,2012,"1,464"
3067,2012,713
3068,2012,"1,332"
3070,2012,"1,622"
3071,2012,"1,005"
3072,2012,"4,288"
3073,2012,"3,210"
3074,2012,"2,192"
3075,2012,"1,441"
3076,2012,"2,757"
3078,2012,619
3079,2012,693
3081,2012,"1,581"
3082,2012,"1,730"
3083,2012,"1,632"
3084,2012,"2,092"
3085,2012,425
3087,2012,429
3088,2012,"1,496"
3089,2012,510
3090,2012,100
3091,2012,41
3093,2012,141
3094,2012,237
3095,2012,956
3096,2012,41
3097,2012,23
3099,2012,157
3101,2012,"1,204"
3102,2012,174
3103,2012,411
3104,2012,540
3105,2012,327
3106,2012,303
3107,2012,221
3108,2012,"1,457"
3109,2012,723
3111,2012,151
3113,2012,196
3114,2012,49
3115,2012,125
3116,2012,476
3121,2012,"4,159"
3122,2012,"1,550"
3123,2012,490
3124,2012,"1,160"
3125,2012,772
3126,2012,196
3127,2012,520
3128,2012,"1,601"
3129,2012,371
3130,2012,"1,025"
3131,2012,"1,319"
3132,2012,945
3133,2012,607
3134,2012,"2,917"
3135,2012,812
3136,2012,"1,818"
3137,2012,621
3138,2012,831
3139,2012,419
3140,2012,"1,222"
3141,2012,"1,923"
3142,2012,978
3143,2012,428
3144,2012,786
3145,2012,"1,767"
3146,2012,771
3147,2012,667
3148,2012,857
3149,2012,974
3150,2012,"1,840"
3151,2012,390
3152,2012,"2,329"
3153,2012,"1,642"
3154,2012,151
3155,2012,"1,548"
3156,2012,"1,807"
3158,2012,235
3159,2012,65
3160,2012,484
3161,2012,656
3162,2012,840
3163,2012,"1,180"
3165,2012,850
3166,2012,"1,754"
3167,2012,470
3168,2012,"1,715"
3169,2012,809
3170,2012,996
3171,2012,"2,081"
3172,2012,911
3173,2012,"1,219"
3174,2012,"2,712"
3175,2012,"8,776"
3177,2012,"1,185"
3178,2012,"1,303"
3179,2012,309
3180,2012,410
3181,2012,"2,968"
3182,2012,"4,617"
3183,2012,"1,083"
3184,2012,759
3185,2012,824
3186,2012,"1,135"
3187,2012,532
3188,2012,925
3189,2012,"1,228"
3190,2012,815
3191,2012,426
3192,2012,"1,798"
3193,2012,496
3194,2012,736
3195,2012,"1,913"
3196,2012,"1,182"
3197,2012,662
3198,2012,"1,758"
3199,2012,"8,213"
3200,2012,862
3201,2012,"1,460"
3202,2012,129
3204,2012,"1,179"
3205,2012,"2,361"
3206,2012,797
3207,2012,"1,499"
3211,2012,62
3212,2012,769
3213,2012,102
3214,2012,"3,699"
3215,2012,"1,672"
3216,2012,"2,502"
3217,2012,4
3218,2012,798
3219,2012,"1,610"
3220,2012,"3,728"
3221,2012,314
3222,2012,309
3223,2012,272
3224,2012,331
3225,2012,112
3226,2012,344
3227,2012,212
3228,2012,561
3230,2012,147
3231,2012,54
3232,2012,188
3233,2012,155
3235,2012,8
3236,2012,8
3237,2012,12
3238,2012,28
3239,2012,16
3240,2012,30
3241,2012,120
3242,2012,17
3243,2012,4
3249,2012,103
3250,2012,986
3251,2012,13
3254,2012,9
3260,2012,200
3264,2012,77
3265,2012,126
3266,2012,93
3267,2012,4
3268,2012,67
3269,2012,25
3270,2012,20
3271,2012,5
3272,2012,115
3273,2012,7
3274,2012,4
3275,2012,7
3276,2012,7
3277,2012,57
3278,2012,8
3279,2012,3
3280,2012,"2,244"
3281,2012,5
3282,2012,81
3283,2012,27
3284,2012,158
3285,2012,58
3286,2012,13
3287,2012,4
3289,2012,15
3292,2012,31
3293,2012,8
3294,2012,21
3300,2012,860
3301,2012,16
3302,2012,12
3303,2012,13
3304,2012,143
3305,2012,"1,039"
3309,2012,4
3310,2012,24
3311,2012,50
3312,2012,35
3314,2012,7
3315,2012,72
3317,2012,8
3318,2012,37
3319,2012,2
3321,2012,24
3322,2012,4
3323,2012,4
3324,2012,23
3325,2012,7
3328,2012,9
3329,2012,4
3330,2012,14
3331,2012,114
3332,2012,17
3333,2012,46
3334,2012,17
3335,2012,399
3337,2012,"3,483"
3338,2012,"1,244"
3340,2012,"1,343"
3341,2012,42
3342,2012,236
3345,2012,42
3350,2012,"6,331"
3351,2012,194
3352,2012,434
3354,2012,7
3355,2012,"1,410"
3356,2012,"1,575"
3357,2012,128
3360,2012,29
3361,2012,59
3363,2012,170
3364,2012,60
3370,2012,52
3371,2012,37
3373,2012,137
3375,2012,12
3377,2012,"1,350"
3378,2012,3
3379,2012,10
3380,2012,"1,675"
3381,2012,66
3384,2012,16
3385,2012,7
3387,2012,1
3388,2012,30
3390,2012,28
3391,2012,8
3392,2012,14
3393,2012,237
3395,2012,14
3396,2012,24
3399,2012,4
3400,2012,"2,542"
3401,2012,84
3407,2012,20
3409,2012,26
3412,2012,26
3413,2012,2
3414,2012,73
3415,2012,7
3418,2012,107
3419,2012,48
3420,2012,9
3422,2012,0
3423,2012,51
3424,2012,55
3427,2012,150
3428,2012,55
3429,2012,"1,736"
3430,2012,16
3431,2012,103
3432,2012,8
3433,2012,2
3434,2012,166
3435,2012,90
3437,2012,264
3438,2012,73
3440,2012,48
3441,2012,20
3442,2012,257
3444,2012,623
3446,2012,106
3447,2012,8
3448,2012,36
3450,2012,587
3451,2012,113
3453,2012,82
3458,2012,57
3460,2012,209
3461,2012,109
3462,2012,41
3463,2012,98
3464,2012,39
3465,2012,916
3467,2012,63
3468,2012,21
3469,2012,16
3472,2012,82
3475,2012,35
3477,2012,0
3478,2012,204
3480,2012,56
3482,2012,25
3483,2012,29
3485,2012,1
3487,2012,0
3488,2012,1
3489,2012,10
3490,2012,78
3491,2012,5
3494,2012,38
3496,2012,485
3498,2012,242
3500,2012,"4,236"
3501,2012,56
3505,2012,346
3506,2012,0
3507,2012,3
3509,2012,7
3512,2012,10
3515,2012,34
3516,2012,47
3517,2012,85
3518,2012,114
3520,2012,15
3521,2012,36
3522,2012,28
3523,2012,160
3525,2012,85
3527,2012,40
3529,2012,1
3530,2012,1
3531,2012,0
3533,2012,50
3537,2012,24
3539,2012,22
3540,2012,51
3542,2012,1
3544,2012,6
3546,2012,23
3549,2012,309
3550,2012,"5,044"
3551,2012,575
3555,2012,"1,216"
3556,2012,941
3557,2012,158
3558,2012,50
3559,2012,22
3561,2012,237
3562,2012,15
3563,2012,26
3564,2012,"1,600"
3565,2012,7
3566,2012,21
3567,2012,49
3568,2012,78
3570,2012,29
3571,2012,5
3572,2012,8
3573,2012,15
3575,2012,55
3576,2012,0
3578,2012,2
3579,2012,344
3580,2012,11
3581,2012,27
3583,2012,15
3584,2012,37
3585,2012,"1,256"
3586,2012,15
3588,2012,5
3589,2012,27
3590,2012,14
3591,2012,2
3594,2012,3
3595,2012,34
3596,2012,1
3597,2012,11
3599,2012,2
3607,2012,5
3608,2012,143
3610,2012,77
3612,2012,119
3614,2012,19
3616,2012,278
3617,2012,4
3618,2012,25
3620,2012,372
3621,2012,90
3622,2012,16
3623,2012,31
3624,2012,36
3629,2012,893
3630,2012,"4,347"
3631,2012,289
3633,2012,37
3634,2012,91
3635,2012,15
3636,2012,211
3637,2012,22
3638,2012,63
3639,2012,41
3640,2012,25
3641,2012,50
3644,2012,419
3646,2012,15
3647,2012,0
3649,2012,21
3658,2012,251
3659,2012,61
3660,2012,948
3662,2012,13
3663,2012,19
3664,2012,44
3665,2012,25
3666,2012,217
3669,2012,71
3670,2012,39
3672,2012,927
3673,2012,33
3675,2012,75
3677,2012,"2,113"
3678,2012,98
3682,2012,13
3683,2012,57
3685,2012,98
3687,2012,39
3688,2012,35
3690,2012,"2,814"
3691,2012,190
3695,2012,1
3697,2012,7
3698,2012,6
3699,2012,45
3700,2012,51
3701,2012,13
3704,2012,1
3705,2012,5
3707,2012,144
3708,2012,1
3709,2012,11
3711,2012,13
3712,2012,16
3713,2012,91
3714,2012,150
3715,2012,14
3717,2012,149
3718,2012,7
3719,2012,25
3720,2012,40
3722,2012,194
3723,2012,140
3724,2012,0
3725,2012,14
3726,2012,9
3727,2012,10
3728,2012,14
3730,2012,388
3732,2012,8
3733,2012,2
3735,2012,6
3737,2012,208
3738,2012,6
3739,2012,7
3740,2012,10
3741,2012,143
3744,2012,9
3746,2012,17
3747,2012,150
3749,2012,40
3750,2012,218
3751,2012,17
3752,2012,"1,212"
3753,2012,71
3754,2012,"1,297"
3755,2012,16
3756,2012,540
3757,2012,368
3758,2012,92
3759,2012,20
3760,2012,4
3761,2012,22
3762,2012,11
3763,2012,53
3764,2012,468
3765,2012,210
3766,2012,21
3767,2012,44
3770,2012,95
3775,2012,117
3777,2012,360
3778,2012,41
3779,2012,17
3781,2012,193
3782,2012,304
3783,2012,104
3785,2012,10
3786,2012,23
3787,2012,32
3788,2012,64
3789,2012,9
3791,2012,39
3792,2012,134
3793,2012,147
3795,2012,33
3796,2012,279
3797,2012,205
3799,2012,224
3802,2012,"1,244"
3803,2012,832
3804,2012,236
3805,2012,"3,459"
3806,2012,"1,996"
3807,2012,402
3808,2012,68
3809,2012,344
3810,2012,"3,324"
3812,2012,67
3813,2012,46
3814,2012,80
3815,2012,99
3816,2012,161
3818,2012,821
3820,2012,"1,218"
3821,2012,93
3822,2012,33
3823,2012,90
3824,2012,376
3825,2012,"2,649"
3831,2012,58
3833,2012,55
3835,2012,43
3840,2012,"3,477"
3842,2012,537
3844,2012,"3,532"
3847,2012,150
3850,2012,"2,123"
3851,2012,434
3852,2012,0
3854,2012,46
3856,2012,26
3857,2012,12
3858,2012,316
3859,2012,30
3860,2012,406
3862,2012,98
3864,2012,9
3865,2012,6
3869,2012,54
3870,2012,68
3871,2012,117
3873,2012,12
3874,2012,53
3875,2012,"1,957"
3878,2012,21
3880,2012,128
3882,2012,25
3885,2012,67
3886,2012,18
3887,2012,57
3888,2012,271
3889,2012,16
3890,2012,41
3891,2012,9
3892,2012,61
3893,2012,2
3895,2012,6
3896,2012,19
3898,2012,48
3900,2012,10
3902,2012,19
3903,2012,17
3904,2012,36
3909,2012,"1,003"
3910,2012,911
3911,2012,188
3912,2012,678
3913,2012,216
3915,2012,"1,334"
3916,2012,44
3918,2012,135
3919,2012,155
3920,2012,11
3921,2012,0
3922,2012,565
3923,2012,10
3925,2012,189
3926,2012,71
3927,2012,37
3928,2012,14
3929,2012,73
3930,2012,417
3931,2012,"1,840"
3933,2012,52
3934,2012,411
3936,2012,516
3937,2012,58
3938,2012,60
3939,2012,"1,318"
3940,2012,268
3941,2012,870
3942,2012,115
3943,2012,327
3944,2012,59
3945,2012,57
3946,2012,9
3950,2012,320
3951,2012,15
3953,2012,504
3954,2012,8
3956,2012,106
3957,2012,2
3958,2012,6
3959,2012,24
3960,2012,104
3962,2012,31
3964,2012,5
3965,2012,23
3966,2012,22
3967,2012,0
3971,2012,292
3975,2012,485
3976,2012,"1,170"
3977,2012,"4,797"
3978,2012,195
3979,2012,6
3980,2012,130
3981,2012,222
3984,2012,233
3987,2012,21
3988,2012,21
3990,2012,4
3991,2012,21
3992,2012,14
3995,2012,"1,008"
3996,2012,261
3000,2013,"21,309"
3002,2013,"1,019"
3003,2013,511
3004,2013,142
3006,2013,"2,344"
3008,2013,"1,002"
3011,2013,"3,193"
3012,2013,"1,965"
3013,2013,774
3015,2013,"1,149"
3016,2013,"1,355"
3018,2013,876
3019,2013,"1,111"
3020,2013,"6,482"
3021,2013,"4,399"
3022,2013,377
3023,2013,"4,552"
3024,2013,"1,025"
3025,2013,"1,188"
3026,2013,905
3027,2013,252
3028,2013,"2,167"
3029,2013,"5,331"
3030,2013,"6,332"
3031,2013,"2,302"
3032,2013,"3,383"
3033,2013,616
3034,2013,487
3036,2013,353
3037,2013,"2,482"
3038,2013,"1,972"
3039,2013,"1,652"
3040,2013,"1,425"
3041,2013,632
3042,2013,"1,380"
3043,2013,"1,496"
3044,2013,"1,296"
3045,2013,741
3046,2013,"2,558"
3047,2013,"3,926"
3048,2013,"1,562"
3049,2013,433
3051,2013,"1,659"
3052,2013,715
3053,2013,"1,912"
3054,2013,615
3055,2013,661
3056,2013,"2,809"
3057,2013,789
3058,2013,"3,273"
3059,2013,485
3060,2013,974
3061,2013,"1,401"
3062,2013,215
3063,2013,21
3064,2013,"4,138"
3065,2013,"2,901"
3066,2013,"1,724"
3067,2013,"1,146"
3068,2013,"1,775"
3070,2013,"1,986"
3071,2013,"1,318"
3072,2013,"5,246"
3073,2013,"3,719"
3074,2013,"2,300"
3075,2013,"1,436"
3076,2013,"3,515"
3078,2013,800
3079,2013,955
3081,2013,"1,886"
3082,2013,"2,051"
3083,2013,"2,150"
3084,2013,"2,400"
3085,2013,"1,740"
3087,2013,557
3088,2013,"1,480"
3089,2013,565
3090,2013,89
3091,2013,78
3093,2013,185
3094,2013,253
3095,2013,943
3096,2013,38
3097,2013,22
3099,2013,159
3101,2013,"1,434"
3102,2013,215
3103,2013,557
3104,2013,585
3105,2013,438
3106,2013,432
3107,2013,360
3108,2013,"1,418"
3109,2013,729
3111,2013,466
3113,2013,200
3114,2013,105
3115,2013,68
3116,2013,598
3121,2013,"4,019"
3122,2013,"1,563"
3123,2013,439
3124,2013,"1,036"
3125,2013,925
3126,2013,251
3127,2013,629
3128,2013,"1,473"
3129,2013,422
3130,2013,"1,120"
3131,2013,"1,255"
3132,2013,771
3133,2013,849
3134,2013,"3,277"
3135,2013,"1,032"
3136,2013,"2,227"
3137,2013,696
3138,2013,951
3139,2013,381
3140,2013,"1,600"
3141,2013,"1,924"
3142,2013,862
3143,2013,365
3144,2013,841
3145,2013,"1,624"
3146,2013,672
3147,2013,868
3148,2013,"1,359"
3149,2013,"1,034"
3150,2013,"1,984"
3151,2013,388
3152,2013,"2,063"
3153,2013,"1,821"
3154,2013,131
3155,2013,"1,556"
3156,2013,"2,056"
3158,2013,299
3159,2013,95
3160,2013,559
3161,2013,545
3162,2013,807
3163,2013,"1,397"
3165,2013,873
3166,2013,"1,695"
3167,2013,499
3168,2013,"1,664"
3169,2013,"1,009"
3170,2013,"1,165"
3171,2013,"1,811"
3172,2013,916
3173,2013,"1,313"
3174,2013,"2,740"
3175,2013,"9,335"
3177,2013,"1,349"
3178,2013,"1,649"
3179,2013,609
3180,2013,491
3181,2013,"3,387"
3182,2013,"4,531"
3183,2013,"1,138"
3184,2013,950
3185,2013,797
3186,2013,"1,183"
3187,2013,546
3188,2013,957
3189,2013,"1,178"
3190,2013,698
3191,2013,541
3192,2013,"1,826"
3193,2013,465
3194,2013,840
3195,2013,"1,884"
3196,2013,"1,351"
3197,2013,721
3198,2013,"1,842"
3199,2013,"8,988"
3200,2013,840
3201,2013,"1,623"
3202,2013,95
3204,2013,"1,004"
3205,2013,"2,036"
3206,2013,649
3207,2013,"1,699"
3211,2013,82
3212,2013,771
3213,2013,71
3214,2013,"3,687"
3215,2013,"1,580"
3216,2013,"2,759"
3217,2013,34
3218,2013,888
3219,2013,"1,910"
3220,2013,"3,566"
3221,2013,498
3222,2013,387
3223,2013,345
3224,2013,287
3225,2013,120
3226,2013,321
3227,2013,152
3228,2013,607
3230,2013,98
3231,2013,41
3232,2013,200
3233,2013,152
3235,2013,10
3236,2013,6
3237,2013,4
3238,2013,16
3239,2013,25
3240,2013,65
3241,2013,224
3242,2013,33
3243,2013,5
3249,2013,111
3250,2013,"1,218"
3251,2013,10
3254,2013,14
3260,2013,211
3264,2013,152
3265,2013,86
3266,2013,105
3267,2013,4
3268,2013,53
3269,2013,21
3270,2013,8
3271,2013,19
3272,2013,97
3273,2013,5
3274,2013,10
3275,2013,16
3276,2013,3
3277,2013,70
3278,2013,4
3279,2013,7
3280,2013,"2,618"
3281,2013,4
3282,2013,82
3283,2013,39
3284,2013,191
3285,2013,32
3286,2013,19
3287,2013,6
3289,2013,37
3292,2013,17
3293,2013,6
3294,2013,13
3300,2013,898
3301,2013,16
3302,2013,21
3303,2013,21
3304,2013,162
3305,2013,"1,220"
3309,2013,3
3310,2013,13
3311,2013,108
3312,2013,23
3314,2013,10
3315,2013,74
3317,2013,10
3318,2013,62
3319,2013,11
3321,2013,26
3322,2013,6
3323,2013,5
3324,2013,39
3325,2013,8
3328,2013,20
3329,2013,8
3330,2013,10
3331,2013,127
3332,2013,14
3333,2013,42
3334,2013,22
3335,2013,405
3337,2013,"4,055"
3338,2013,"1,400"
3340,2013,"1,293"
3341,2013,30
3342,2013,243
3345,2013,72
3350,2013,"6,441"
3351,2013,210
3352,2013,560
3354,2013,7
3355,2013,"1,628"
3356,2013,"1,340"
3357,2013,75
3360,2013,34
3361,2013,21
3363,2013,174
3364,2013,70
3370,2013,52
3371,2013,57
3373,2013,169
3375,2013,11
3377,2013,"1,004"
3378,2013,1
3379,2013,19
3380,2013,576
3381,2013,70
3384,2013,25
3385,2013,4
3387,2013,4
3388,2013,15
3390,2013,42
3391,2013,3
3392,2013,7
3393,2013,133
3395,2013,16
3396,2013,10
3399,2013,7
3400,2013,"1,807"
3401,2013,138
3407,2013,8
3409,2013,17
3412,2013,8
3413,2013,7
3414,2013,61
3415,2013,9
3418,2013,98
3419,2013,37
3420,2013,4
3422,2013,2
3423,2013,43
3424,2013,72
3427,2013,180
3428,2013,64
3429,2013,"2,308"
3430,2013,19
3431,2013,110
3432,2013,11
3433,2013,6
3434,2013,237
3435,2013,97
3437,2013,366
3438,2013,42
3440,2013,68
3441,2013,26
3442,2013,257
3444,2013,688
3446,2013,157
3447,2013,34
3448,2013,51
3450,2013,554
3451,2013,129
3453,2013,111
3458,2013,65
3460,2013,170
3461,2013,94
3462,2013,24
3463,2013,80
3464,2013,54
3465,2013,872
3467,2013,60
3468,2013,36
3469,2013,18
3472,2013,63
3475,2013,19
3477,2013,7
3478,2013,241
3480,2013,64
3482,2013,14
3483,2013,17
3485,2013,0
3487,2013,6
3488,2013,1
3489,2013,10
3490,2013,63
3491,2013,1
3494,2013,46
3496,2013,344
3498,2013,203
3500,2013,"4,719"
3501,2013,55
3505,2013,323
3506,2013,4
3507,2013,2
3509,2013,8
3512,2013,6
3515,2013,43
3516,2013,258
3517,2013,86
3518,2013,57
3520,2013,11
3521,2013,57
3522,2013,40
3523,2013,248
3525,2013,33
3527,2013,45
3529,2013,0
3530,2013,3
3531,2013,6
3533,2013,17
3537,2013,25
3539,2013,16
3540,2013,35
3542,2013,3
3544,2013,18
3546,2013,57
3549,2013,324
3550,2013,"4,573"
3551,2013,674
3555,2013,"1,392"
3556,2013,"1,286"
3557,2013,47
3558,2013,54
3559,2013,30
3561,2013,172
3562,2013,17
3563,2013,22
3564,2013,"1,649"
3565,2013,6
3566,2013,24
3567,2013,11
3568,2013,106
3570,2013,27
3571,2013,25
3572,2013,12
3573,2013,18
3575,2013,32
3576,2013,1
3578,2013,2
3579,2013,363
3580,2013,34
3581,2013,18
3583,2013,9
3584,2013,47
3585,2013,"1,320"
3586,2013,25
3588,2013,1
3589,2013,22
3590,2013,11
3591,2013,3
3594,2013,21
3595,2013,47
3596,2013,7
3597,2013,18
3599,2013,3
3607,2013,5
3608,2013,123
3610,2013,181
3612,2013,141
3614,2013,35
3616,2013,276
3617,2013,8
3618,2013,27
3620,2013,503
3621,2013,78
3622,2013,11
3623,2013,40
3624,2013,15
3629,2013,"1,071"
3630,2013,"4,865"
3631,2013,354
3633,2013,12
3634,2013,33
3635,2013,15
3636,2013,247
3637,2013,14
3638,2013,89
3639,2013,52
3640,2013,41
3641,2013,42
3644,2013,572
3646,2013,43
3647,2013,2
3649,2013,26
3658,2013,283
3659,2013,44
3660,2013,898
3662,2013,94
3663,2013,10
3664,2013,87
3665,2013,23
3666,2013,215
3669,2013,46
3670,2013,25
3672,2013,"1,071"
3673,2013,21
3675,2013,88
3677,2013,"2,150"
3678,2013,80
3682,2013,91
3683,2013,71
3685,2013,86
3687,2013,27
3688,2013,69
3690,2013,"2,930"
3691,2013,184
3695,2013,9
3697,2013,13
3698,2013,6
3699,2013,50
3700,2013,79
3701,2013,31
3704,2013,2
3705,2013,3
3707,2013,102
3708,2013,0
3709,2013,11
3711,2013,35
3712,2013,16
3713,2013,86
3714,2013,181
3715,2013,16
3717,2013,148
3718,2013,10
3719,2013,19
3720,2013,44
3722,2013,320
3723,2013,116
3724,2013,0
3725,2013,14
3726,2013,19
3727,2013,10
3728,2013,26
3730,2013,297
3732,2013,10
3733,2013,8
3735,2013,9
3737,2013,221
3738,2013,5
3739,2013,4
3740,2013,87
3741,2013,167
3744,2013,10
3746,2013,15
3747,2013,150
3749,2013,43
3750,2013,305
3751,2013,11
3752,2013,"1,413"
3753,2013,139
3754,2013,"1,723"
3755,2013,25
3756,2013,965
3757,2013,414
3758,2013,77
3759,2013,61
3760,2013,12
3761,2013,28
3762,2013,18
3763,2013,73
3764,2013,658
3765,2013,218
3766,2013,29
3767,2013,48
3770,2013,117
3775,2013,109
3777,2013,363
3778,2013,9
3779,2013,10
3781,2013,267
3782,2013,332
3783,2013,94
3785,2013,13
3786,2013,59
3787,2013,28
3788,2013,81
3789,2013,7
3791,2013,53
3792,2013,25
3793,2013,187
3795,2013,39
3796,2013,269
3797,2013,177
3799,2013,226
3802,2013,"1,285"
3803,2013,957
3804,2013,208
3805,2013,"3,485"
3806,2013,"1,866"
3807,2013,338
3808,2013,47
3809,2013,353
3810,2013,"3,664"
3812,2013,101
3813,2013,39
3814,2013,271
3815,2013,110
3816,2013,158
3818,2013,854
3820,2013,"1,250"
3821,2013,56
3822,2013,29
3823,2013,88
3824,2013,680
3825,2013,"2,863"
3831,2013,78
3833,2013,52
3835,2013,40
3840,2013,"3,510"
3842,2013,570
3844,2013,"3,635"
3847,2013,113
3850,2013,"2,360"
3851,2013,423
3852,2013,0
3854,2013,51
3856,2013,23
3857,2013,13
3858,2013,440
3859,2013,28
3860,2013,413
3862,2013,126
3864,2013,12
3865,2013,18
3869,2013,83
3870,2013,41
3871,2013,170
3873,2013,47
3874,2013,33
3875,2013,"1,930"
3878,2013,20
3880,2013,105
3882,2013,20
3885,2013,49
3886,2013,31
3887,2013,41
3888,2013,289
3889,2013,15
3890,2013,40
3891,2013,5
3892,2013,90
3893,2013,1
3895,2013,5
3896,2013,15
3898,2013,37
3900,2013,7
3902,2013,9
3903,2013,23
3904,2013,66
3909,2013,891
3910,2013,"1,114"
3911,2013,224
3912,2013,732
3913,2013,205
3915,2013,"1,289"
3916,2013,30
3918,2013,122
3919,2013,167
3920,2013,17
3921,2013,7
3922,2013,749
3923,2013,17
3925,2013,195
3926,2013,74
3927,2013,64
3928,2013,14
3929,2013,34
3930,2013,412
3931,2013,"1,964"
3933,2013,123
3934,2013,464
3936,2013,680
3937,2013,45
3938,2013,147
3939,2013,"1,551"
3940,2013,384
3941,2013,"1,076"
3942,2013,131
3943,2013,219
3944,2013,73
3945,2013,10
3946,2013,1
3950,2013,234
3951,2013,19
3953,2013,320
3954,2013,4
3956,2013,111
3957,2013,6
3958,2013,3
3959,2013,26
3960,2013,84
3962,2013,47
3964,2013,3
3965,2013,6
3966,2013,18
3967,2013,4
3971,2013,209
3975,2013,566
3976,2013,"1,229"
3977,2013,"5,173"
3978,2013,325
3979,2013,9
3980,2013,138
3981,2013,152
3984,2013,367
3987,2013,54
3988,2013,39
3990,2013,5
3991,2013,38
3992,2013,29
3995,2013,"1,174"
3996,2013,293
3000,2014,"22,835"
3002,2014,763
3003,2014,538
3004,2014,155
3006,2014,"2,535"
3008,2014,"1,580"
3011,2014,"2,810"
3012,2014,"1,978"
3013,2014,717
3015,2014,"1,082"
3016,2014,"1,210"
3018,2014,909
3019,2014,"1,235"
3020,2014,"6,355"
3021,2014,"4,649"
3022,2014,387
3023,2014,"4,100"
3024,2014,"1,187"
3025,2014,"1,289"
3026,2014,493
3027,2014,319
3028,2014,"2,027"
3029,2014,"5,165"
3030,2014,"6,258"
3031,2014,"2,839"
3032,2014,"2,933"
3033,2014,730
3034,2014,427
3036,2014,331
3037,2014,"2,606"
3038,2014,"1,930"
3039,2014,"1,750"
3040,2014,"1,420"
3041,2014,671
3042,2014,"1,818"
3043,2014,"1,685"
3044,2014,"1,389"
3045,2014,626
3046,2014,"2,640"
3047,2014,"4,462"
3048,2014,"1,625"
3049,2014,592
3051,2014,"1,798"
3052,2014,896
3053,2014,"1,939"
3054,2014,572
3055,2014,746
3056,2014,"3,031"
3057,2014,831
3058,2014,"3,230"
3059,2014,648
3060,2014,"1,016"
3061,2014,"1,526"
3062,2014,193
3063,2014,28
3064,2014,"5,064"
3065,2014,"2,761"
3066,2014,"1,989"
3067,2014,"1,134"
3068,2014,"1,660"
3070,2014,"2,037"
3071,2014,"1,208"
3072,2014,"5,212"
3073,2014,"4,598"
3074,2014,"1,946"
3075,2014,"1,353"
3076,2014,"2,992"
3078,2014,682
3079,2014,809
3081,2014,"1,702"
3082,2014,"1,944"
3083,2014,"2,226"
3084,2014,"2,485"
3085,2014,640
3087,2014,569
3088,2014,"1,895"
3089,2014,542
3090,2014,112
3091,2014,41
3093,2014,136
3094,2014,239
3095,2014,"1,110"
3096,2014,44
3097,2014,28
3099,2014,200
3101,2014,"1,326"
3102,2014,160
3103,2014,491
3104,2014,455
3105,2014,425
3106,2014,479
3107,2014,431
3108,2014,"1,560"
3109,2014,802
3111,2014,283
3113,2014,197
3114,2014,65
3115,2014,114
3116,2014,623
3121,2014,"4,452"
3122,2014,"1,416"
3123,2014,451
3124,2014,"1,053"
3125,2014,833
3126,2014,201
3127,2014,534
3128,2014,"1,863"
3129,2014,369
3130,2014,"1,032"
3131,2014,"1,270"
3132,2014,815
3133,2014,680
3134,2014,"3,534"
3135,2014,862
3136,2014,"2,447"
3137,2014,759
3138,2014,"1,192"
3139,2014,488
3140,2014,"1,320"
3141,2014,"2,286"
3142,2014,736
3143,2014,499
3144,2014,811
3145,2014,"1,631"
3146,2014,671
3147,2014,808
3148,2014,902
3149,2014,"1,074"
3150,2014,"2,355"
3151,2014,471
3152,2014,"2,320"
3153,2014,"2,098"
3154,2014,157
3155,2014,"1,785"
3156,2014,"1,881"
3158,2014,290
3159,2014,52
3160,2014,407
3161,2014,578
3162,2014,795
3163,2014,"1,332"
3165,2014,805
3166,2014,"1,557"
3167,2014,425
3168,2014,"1,455"
3169,2014,994
3170,2014,"1,733"
3171,2014,"1,968"
3172,2014,950
3173,2014,"1,425"
3174,2014,"3,201"
3175,2014,"10,034"
3177,2014,"1,406"
3178,2014,"1,576"
3179,2014,402
3180,2014,398
3181,2014,"3,665"
3182,2014,"4,871"
3183,2014,"1,059"
3184,2014,"1,124"
3185,2014,676
3186,2014,"1,381"
3187,2014,414
3188,2014,975
3189,2014,"1,166"
3190,2014,752
3191,2014,526
3192,2014,"1,817"
3193,2014,443
3194,2014,800
3195,2014,"2,224"
3196,2014,"1,448"
3197,2014,883
3198,2014,"1,962"
3199,2014,"8,872"
3200,2014,890
3201,2014,"1,467"
3202,2014,138
3204,2014,"1,318"
3205,2014,"2,393"
3206,2014,838
3207,2014,"1,570"
3211,2014,108
3212,2014,984
3213,2014,120
3214,2014,"4,390"
3215,2014,"1,507"
3216,2014,"2,860"
3217,2014,43
3218,2014,953
3219,2014,"1,943"
3220,2014,"4,208"
3221,2014,485
3222,2014,453
3223,2014,399
3224,2014,343
3225,2014,167
3226,2014,476
3227,2014,176
3228,2014,824
3230,2014,100
3231,2014,57
3232,2014,126
3233,2014,124
3235,2014,11
3236,2014,3
3237,2014,8
3238,2014,8
3239,2014,19
3240,2014,60
3241,2014,118
3242,2014,26
3243,2014,10
3249,2014,140
3250,2014,989
3251,2014,16
3254,2014,4
3260,2014,233
3264,2014,149
3265,2014,96
3266,2014,86
3267,2014,6
3268,2014,69
3269,2014,29
3270,2014,7
3271,2014,9
3272,2014,89
3273,2014,6
3274,2014,7
3275,2014,9
3276,2014,5
3277,2014,79
3278,2014,5
3279,2014,4
3280,2014,"2,958"
3281,2014,3
3282,2014,73
3283,2014,73
3284,2014,154
3285,2014,22
3286,2014,15
3287,2014,9
3289,2014,32
3292,2014,7
3293,2014,4
3294,2014,36
3300,2014,808
3301,2014,31
3302,2014,14
3303,2014,11
3304,2014,117
3305,2014,"1,560"
3309,2014,8
3310,2014,27
3311,2014,38
3312,2014,35
3314,2014,11
3315,2014,104
3317,2014,6
3318,2014,44
3319,2014,5
3321,2014,35
3322,2014,4
3323,2014,6
3324,2014,17
3325,2014,21
3328,2014,14
3329,2014,12
3330,2014,17
3331,2014,204
3332,2014,24
3333,2014,65
3334,2014,3
3335,2014,596
3337,2014,"4,491"
3338,2014,"1,594"
3340,2014,"1,378"
3341,2014,77
3342,2014,376
3345,2014,56
3350,2014,"7,080"
3351,2014,252
3352,2014,722
3354,2014,13
3355,2014,"1,788"
3356,2014,"1,504"
3357,2014,172
3360,2014,27
3361,2014,15
3363,2014,246
3364,2014,134
3370,2014,90
3371,2014,99
3373,2014,178
3375,2014,22
3377,2014,"1,199"
3378,2014,3
3379,2014,20
3380,2014,761
3381,2014,113
3384,2014,30
3385,2014,6
3387,2014,4
3388,2014,36
3390,2014,119
3391,2014,7
3392,2014,22
3393,2014,125
3395,2014,23
3396,2014,21
3399,2014,8
3400,2014,"2,687"
3401,2014,129
3407,2014,9
3409,2014,11
3412,2014,9
3413,2014,1
3414,2014,80
3415,2014,10
3418,2014,80
3419,2014,26
3420,2014,25
3422,2014,1
3423,2014,16
3424,2014,27
3427,2014,233
3428,2014,78
3429,2014,"2,642"
3430,2014,23
3431,2014,94
3432,2014,2
3433,2014,4
3434,2014,186
3435,2014,128
3437,2014,482
3438,2014,53
3440,2014,88
3441,2014,32
3442,2014,342
3444,2014,715
3446,2014,161
3447,2014,42
3448,2014,74
3450,2014,586
3451,2014,132
3453,2014,154
3458,2014,57
3460,2014,173
3461,2014,85
3462,2014,27
3463,2014,87
3464,2014,94
3465,2014,862
3467,2014,76
3468,2014,47
3469,2014,12
3472,2014,69
3475,2014,31
3477,2014,10
3478,2014,160
3480,2014,89
3482,2014,3
3483,2014,24
3485,2014,5
3487,2014,4
3488,2014,1
3489,2014,3
3490,2014,78
3491,2014,3
3494,2014,36
3496,2014,359
3498,2014,241
3500,2014,"4,900"
3501,2014,46
3505,2014,238
3506,2014,1
3507,2014,1
3509,2014,2
3512,2014,10
3515,2014,23
3516,2014,30
3517,2014,59
3518,2014,63
3520,2014,37
3521,2014,33
3522,2014,18
3523,2014,249
3525,2014,57
3527,2014,35
3529,2014,1
3530,2014,1
3531,2014,1
3533,2014,23
3537,2014,14
3539,2014,38
3540,2014,9
3542,2014,6
3544,2014,7
3546,2014,26
3549,2014,428
3550,2014,"4,537"
3551,2014,798
3555,2014,"1,560"
3556,2014,"1,222"
3557,2014,39
3558,2014,46
3559,2014,29
3561,2014,258
3562,2014,17
3563,2014,27
3564,2014,"1,778"
3565,2014,3
3566,2014,25
3567,2014,27
3568,2014,119
3570,2014,27
3571,2014,11
3572,2014,2
3573,2014,9
3575,2014,26
3576,2014,1
3578,2014,1
3579,2014,333
3580,2014,39
3581,2014,6
3583,2014,9
3584,2014,41
3585,2014,"1,599"
3586,2014,20
3588,2014,3
3589,2014,8
3590,2014,5
3591,2014,0
3594,2014,12
3595,2014,35
3596,2014,2
3597,2014,21
3599,2014,13
3607,2014,42
3608,2014,154
3610,2014,167
3612,2014,127
3614,2014,31
3616,2014,254
3617,2014,4
3618,2014,15
3620,2014,507
3621,2014,123
3622,2014,17
3623,2014,53
3624,2014,27
3629,2014,"1,096"
3630,2014,"5,258"
3631,2014,438
3633,2014,20
3634,2014,102
3635,2014,31
3636,2014,208
3637,2014,9
3638,2014,151
3639,2014,49
3640,2014,20
3641,2014,37
3644,2014,556
3646,2014,19
3647,2014,2
3649,2014,14
3658,2014,460
3659,2014,56
3660,2014,"1,377"
3662,2014,14
3663,2014,5
3664,2014,49
3665,2014,12
3666,2014,172
3669,2014,65
3670,2014,33
3672,2014,961
3673,2014,42
3675,2014,72
3677,2014,"2,194"
3678,2014,130
3682,2014,36
3683,2014,66
3685,2014,136
3687,2014,25
3688,2014,49
3690,2014,"3,155"
3691,2014,193
3695,2014,5
3697,2014,12
3698,2014,6
3699,2014,72
3700,2014,42
3701,2014,26
3704,2014,2
3705,2014,4
3707,2014,54
3708,2014,1
3709,2014,13
3711,2014,15
3712,2014,12
3713,2014,79
3714,2014,197
3715,2014,18
3717,2014,146
3718,2014,8
3719,2014,20
3720,2014,29
3722,2014,314
3723,2014,139
3724,2014,1
3725,2014,14
3726,2014,30
3727,2014,22
3728,2014,33
3730,2014,345
3732,2014,30
3733,2014,6
3735,2014,16
3737,2014,258
3738,2014,3
3739,2014,4
3740,2014,27
3741,2014,101
3744,2014,4
3746,2014,15
3747,2014,147
3749,2014,27
3750,2014,333
3751,2014,9
3752,2014,"1,261"
3753,2014,124
3754,2014,"1,781"
3755,2014,15
3756,2014,"1,029"
3757,2014,497
3758,2014,138
3759,2014,12
3760,2014,6
3761,2014,23
3762,2014,14
3763,2014,60
3764,2014,527
3765,2014,324
3766,2014,18
3767,2014,41
3770,2014,130
3775,2014,99
3777,2014,451
3778,2014,10
3779,2014,19
3781,2014,218
3782,2014,393
3783,2014,53
3785,2014,14
3786,2014,28
3787,2014,19
3788,2014,67
3789,2014,6
3791,2014,7
3792,2014,18
3793,2014,134
3795,2014,27
3796,2014,288
3797,2014,155
3799,2014,247
3802,2014,"1,269"
3803,2014,"1,041"
3804,2014,340
3805,2014,"4,456"
3806,2014,"2,270"
3807,2014,357
3808,2014,70
3809,2014,422
3810,2014,"4,197"
3812,2014,58
3813,2014,29
3814,2014,67
3815,2014,121
3816,2014,233
3818,2014,"1,206"
3820,2014,"1,309"
3821,2014,152
3822,2014,27
3823,2014,94
3824,2014,255
3825,2014,"3,502"
3831,2014,64
3833,2014,29
3835,2014,15
3840,2014,"4,581"
3842,2014,638
3844,2014,"4,236"
3847,2014,158
3850,2014,"2,360"
3851,2014,535
3852,2014,1
3854,2014,32
3856,2014,19
3857,2014,5
3858,2014,241
3859,2014,35
3860,2014,403
3862,2014,148
3864,2014,24
3865,2014,17
3869,2014,88
3870,2014,34
3871,2014,127
3873,2014,29
3874,2014,68
3875,2014,"2,139"
3878,2014,43
3880,2014,126
3882,2014,32
3885,2014,101
3886,2014,14
3887,2014,61
3888,2014,342
3889,2014,15
3890,2014,90
3891,2014,8
3892,2014,66
3893,2014,2
3895,2014,4
3896,2014,31
3898,2014,30
3900,2014,11
3902,2014,5
3903,2014,23
3904,2014,62
3909,2014,884
3910,2014,901
3911,2014,234
3912,2014,913
3913,2014,182
3915,2014,"1,523"
3916,2014,27
3918,2014,164
3919,2014,187
3920,2014,4
3921,2014,0
3922,2014,693
3923,2014,10
3925,2014,179
3926,2014,83
3927,2014,48
3928,2014,17
3929,2014,35
3930,2014,392
3931,2014,"1,888"
3933,2014,64
3934,2014,319
3936,2014,762
3937,2014,33
3938,2014,164
3939,2014,"1,702"
3940,2014,367
3941,2014,"1,187"
3942,2014,101
3943,2014,218
3944,2014,65
3945,2014,27
3946,2014,4
3950,2014,299
3951,2014,52
3953,2014,352
3954,2014,5
3956,2014,89
3957,2014,10
3958,2014,3
3959,2014,27
3960,2014,143
3962,2014,33
3964,2014,2
3965,2014,14
3966,2014,12
3967,2014,0
3971,2014,295
3975,2014,747
3976,2014,"1,510"
3977,2014,"6,118"
3978,2014,481
3979,2014,24
3980,2014,184
3981,2014,282
3984,2014,369
3987,2014,35
3988,2014,35
3990,2014,10
3991,2014,41
3992,2014,37
3995,2014,"1,057"
3996,2014,268
3000,2015,"22,732"
3002,2015,833
3003,2015,661
3004,2015,119
3006,2015,"3,202"
3008,2015,"1,831"
3011,2015,"3,328"
3012,2015,"2,211"
3013,2015,904
3015,2015,"1,215"
3016,2015,"1,349"
3018,2015,844
3019,2015,"1,324"
3020,2015,"6,283"
3021,2015,"5,389"
3022,2015,462
3023,2015,"5,290"
3024,2015,"1,610"
3025,2015,"1,331"
3026,2015,572
3027,2015,429
3028,2015,"2,082"
3029,2015,"6,240"
3030,2015,"7,597"
3031,2015,"2,637"
3032,2015,"3,592"
3033,2015,630
3034,2015,505
3036,2015,360
3037,2015,"2,572"
3038,2015,"1,988"
3039,2015,"1,408"
3040,2015,"1,739"
3041,2015,807
3042,2015,"1,575"
3043,2015,"2,056"
3044,2015,"1,560"
3045,2015,602
3046,2015,"2,768"
3047,2015,"5,038"
3048,2015,"2,168"
3049,2015,461
3051,2015,"1,798"
3052,2015,"1,195"
3053,2015,"2,562"
3054,2015,690
3055,2015,976
3056,2015,"3,268"
3057,2015,834
3058,2015,"4,143"
3059,2015,728
3060,2015,"1,199"
3061,2015,"1,876"
3062,2015,262
3063,2015,23
3064,2015,"6,147"
3065,2015,"2,936"
3066,2015,"2,121"
3067,2015,"1,484"
3068,2015,"1,813"
3070,2015,"2,176"
3071,2015,"1,495"
3072,2015,"6,922"
3073,2015,"4,341"
3074,2015,"2,448"
3075,2015,"1,539"
3076,2015,"3,416"
3078,2015,798
3079,2015,836
3081,2015,"2,272"
3082,2015,"2,031"
3083,2015,"2,842"
3084,2015,"2,125"
3085,2015,665
3087,2015,729
3088,2015,"2,312"
3089,2015,651
3090,2015,125
3091,2015,73
3093,2015,159
3094,2015,370
3095,2015,"2,057"
3096,2015,77
3097,2015,30
3099,2015,205
3101,2015,"1,793"
3102,2015,203
3103,2015,589
3104,2015,617
3105,2015,427
3106,2015,473
3107,2015,401
3108,2015,"1,453"
3109,2015,"1,008"
3111,2015,300
3113,2015,199
3114,2015,132
3115,2015,94
3116,2015,764
3121,2015,"4,552"
3122,2015,"1,440"
3123,2015,744
3124,2015,"1,172"
3125,2015,910
3126,2015,216
3127,2015,609
3128,2015,"1,780"
3129,2015,341
3130,2015,"1,045"
3131,2015,"1,092"
3132,2015,"1,576"
3133,2015,719
3134,2015,"3,771"
3135,2015,"1,118"
3136,2015,"2,655"
3137,2015,939
3138,2015,"1,445"
3139,2015,655
3140,2015,"1,862"
3141,2015,"2,747"
3142,2015,809
3143,2015,551
3144,2015,968
3145,2015,"1,910"
3146,2015,972
3147,2015,"1,228"
3148,2015,"1,136"
3149,2015,"1,305"
3150,2015,"2,482"
3151,2015,531
3152,2015,"2,444"
3153,2015,"2,052"
3154,2015,222
3155,2015,"1,912"
3156,2015,"2,090"
3158,2015,243
3159,2015,54
3160,2015,545
3161,2015,671
3162,2015,"1,049"
3163,2015,"1,674"
3165,2015,"1,033"
3166,2015,"2,132"
3167,2015,467
3168,2015,"1,835"
3169,2015,957
3170,2015,"2,572"
3171,2015,"2,099"
3172,2015,"1,138"
3173,2015,"1,582"
3174,2015,"3,225"
3175,2015,"12,865"
3177,2015,"1,647"
3178,2015,"1,828"
3179,2015,507
3180,2015,460
3181,2015,"3,628"
3182,2015,"5,252"
3183,2015,"1,302"
3184,2015,"1,150"
3185,2015,805
3186,2015,"1,385"
3187,2015,581
3188,2015,"1,073"
3189,2015,"1,309"
3190,2015,"1,072"
3191,2015,663
3192,2015,"2,127"
3193,2015,584
3194,2015,"1,034"
3195,2015,"1,945"
3196,2015,"1,502"
3197,2015,"1,133"
3198,2015,"2,056"
3199,2015,"8,683"
3200,2015,"1,078"
3201,2015,"2,161"
3202,2015,209
3204,2015,"1,287"
3205,2015,"2,230"
3206,2015,897
3207,2015,"1,953"
3211,2015,168
3212,2015,"1,014"
3213,2015,126
3214,2015,"5,036"
3215,2015,"2,090"
3216,2015,"3,469"
3217,2015,144
3218,2015,"2,310"
3219,2015,"2,218"
3220,2015,"4,492"
3221,2015,416
3222,2015,488
3223,2015,400
3224,2015,420
3225,2015,180
3226,2015,520
3227,2015,234
3228,2015,915
3230,2015,190
3231,2015,65
3232,2015,133
3233,2015,158
3235,2015,14
3236,2015,9
3237,2015,10
3238,2015,15
3239,2015,15
3240,2015,55
3241,2015,104
3242,2015,13
3243,2015,15
3249,2015,158
3250,2015,"1,429"
3251,2015,11
3254,2015,8
3260,2015,299
3264,2015,157
3265,2015,118
3266,2015,112
3267,2015,5
3268,2015,115
3269,2015,41
3270,2015,6
3271,2015,13
3272,2015,107
3273,2015,4
3274,2015,7
3275,2015,16
3276,2015,6
3277,2015,37
3278,2015,11
3279,2015,4
3280,2015,"3,025"
3281,2015,8
3282,2015,79
3283,2015,35
3284,2015,132
3285,2015,25
3286,2015,28
3287,2015,15
3289,2015,31
3292,2015,10
3293,2015,10
3294,2015,35
3300,2015,986
3301,2015,19
3302,2015,30
3303,2015,14
3304,2015,140
3305,2015,"1,284"
3309,2015,3
3310,2015,25
3311,2015,75
3312,2015,53
3314,2015,9
3315,2015,101
3317,2015,6
3318,2015,52
3319,2015,2
3321,2015,40
3322,2015,14
3323,2015,3
3324,2015,22
3325,2015,19
3328,2015,12
3329,2015,13
3330,2015,33
3331,2015,237
3332,2015,20
3333,2015,70
3334,2015,26
3335,2015,945
3337,2015,"5,186"
3338,2015,"2,001"
3340,2015,"1,635"
3341,2015,67
3342,2015,350
3345,2015,67
3350,2015,"7,336"
3351,2015,311
3352,2015,850
3354,2015,20
3355,2015,"1,848"
3356,2015,"1,784"
3357,2015,168
3360,2015,23
3361,2015,19
3363,2015,272
3364,2015,89
3370,2015,127
3371,2015,149
3373,2015,267
3375,2015,23
3377,2015,"1,295"
3378,2015,3
3379,2015,32
3380,2015,789
3381,2015,92
3384,2015,31
3385,2015,19
3387,2015,2
3388,2015,44
3390,2015,104
3391,2015,13
3392,2015,16
3393,2015,230
3395,2015,18
3396,2015,33
3399,2015,5
3400,2015,"2,707"
3401,2015,142
3407,2015,20
3409,2015,19
3412,2015,24
3413,2015,3
3414,2015,85
3415,2015,10
3418,2015,141
3419,2015,34
3420,2015,9
3422,2015,3
3423,2015,34
3424,2015,40
3427,2015,280
3428,2015,188
3429,2015,"3,224"
3430,2015,27
3431,2015,89
3432,2015,2
3433,2015,10
3434,2015,236
3435,2015,114
3437,2015,823
3438,2015,53
3440,2015,74
3441,2015,47
3442,2015,289
3444,2015,609
3446,2015,209
3447,2015,31
3448,2015,91
3450,2015,838
3451,2015,179
3453,2015,106
3458,2015,85
3460,2015,188
3461,2015,105
3462,2015,49
3463,2015,135
3464,2015,96
3465,2015,"1,244"
3467,2015,78
3468,2015,13
3469,2015,12
3472,2015,78
3475,2015,58
3477,2015,7
3478,2015,260
3480,2015,84
3482,2015,9
3483,2015,43
3485,2015,12
3487,2015,11
3488,2015,1
3489,2015,7
3490,2015,85
3491,2015,5
3494,2015,60
3496,2015,388
3498,2015,230
3500,2015,"5,091"
3501,2015,87
3505,2015,340
3506,2015,14
3507,2015,1
3509,2015,9
3512,2015,15
3515,2015,45
3516,2015,45
3517,2015,150
3518,2015,123
3520,2015,26
3521,2015,75
3522,2015,30
3523,2015,229
3525,2015,64
3527,2015,33
3529,2015,4
3530,2015,6
3531,2015,2
3533,2015,25
3537,2015,16
3539,2015,65
3540,2015,20
3542,2015,7
3544,2015,10
3546,2015,58
3549,2015,427
3550,2015,"5,394"
3551,2015,969
3555,2015,"1,608"
3556,2015,"1,146"
3557,2015,43
3558,2015,72
3559,2015,37
3561,2015,204
3562,2015,21
3563,2015,17
3564,2015,"2,040"
3565,2015,8
3566,2015,22
3567,2015,33
3568,2015,107
3570,2015,26
3571,2015,9
3572,2015,8
3573,2015,22
3575,2015,42
3576,2015,0
3578,2015,0
3579,2015,337
3580,2015,44
3581,2015,12
3583,2015,20
3584,2015,29
3585,2015,"1,556"
3586,2015,32
3588,2015,14
3589,2015,19
3590,2015,3
3591,2015,2
3594,2015,16
3595,2015,44
3596,2015,4
3597,2015,10
3599,2015,10
3607,2015,28
3608,2015,234
3610,2015,150
3612,2015,158
3614,2015,28
3616,2015,343
3617,2015,6
3618,2015,35
3620,2015,814
3621,2015,96
3622,2015,24
3623,2015,45
3624,2015,32
3629,2015,"1,278"
3630,2015,"5,529"
3631,2015,615
3633,2015,25
3634,2015,81
3635,2015,24
3636,2015,268
3637,2015,23
3638,2015,200
3639,2015,45
3640,2015,12
3641,2015,44
3644,2015,613
3646,2015,17
3647,2015,1
3649,2015,24
3658,2015,508
3659,2015,89
3660,2015,"1,369"
3662,2015,12
3663,2015,15
3664,2015,82
3665,2015,11
3666,2015,154
3669,2015,57
3670,2015,135
3672,2015,"1,316"
3673,2015,44
3675,2015,73
3677,2015,"2,236"
3678,2015,141
3682,2015,38
3683,2015,58
3685,2015,113
3687,2015,26
3688,2015,69
3690,2015,"3,310"
3691,2015,235
3695,2015,18
3697,2015,0
3698,2015,11
3699,2015,46
3700,2015,105
3701,2015,19
3704,2015,12
3705,2015,4
3707,2015,73
3708,2015,3
3709,2015,10
3711,2015,16
3712,2015,9
3713,2015,100
3714,2015,164
3715,2015,15
3717,2015,187
3718,2015,11
3719,2015,5
3720,2015,43
3722,2015,392
3723,2015,178
3724,2015,3
3725,2015,5
3726,2015,5
3727,2015,15
3728,2015,41
3730,2015,399
3732,2015,28
3733,2015,3
3735,2015,14
3737,2015,252
3738,2015,4
3739,2015,2
3740,2015,19
3741,2015,93
3744,2015,7
3746,2015,32
3747,2015,135
3749,2015,36
3750,2015,562
3751,2015,12
3752,2015,"1,346"
3753,2015,230
3754,2015,"2,477"
3755,2015,24
3756,2015,"1,268"
3757,2015,526
3758,2015,183
3759,2015,19
3760,2015,2
3761,2015,39
3762,2015,12
3763,2015,99
3764,2015,648
3765,2015,311
3766,2015,24
3767,2015,55
3770,2015,111
3775,2015,138
3777,2015,466
3778,2015,22
3779,2015,30
3781,2015,246
3782,2015,269
3783,2015,107
3785,2015,7
3786,2015,40
3787,2015,30
3788,2015,114
3789,2015,6
3791,2015,35
3792,2015,22
3793,2015,149
3795,2015,39
3796,2015,446
3797,2015,162
3799,2015,391
3802,2015,"1,651"
3803,2015,"1,137"
3804,2015,436
3805,2015,"4,777"
3806,2015,"2,813"
3807,2015,495
3808,2015,134
3809,2015,634
3810,2015,"4,946"
3812,2015,73
3813,2015,41
3814,2015,115
3815,2015,132
3816,2015,315
3818,2015,"1,273"
3820,2015,"1,560"
3821,2015,126
3822,2015,33
3823,2015,114
3824,2015,386
3825,2015,"4,114"
3831,2015,49
3833,2015,65
3835,2015,46
3840,2015,"4,603"
3842,2015,519
3844,2015,"4,827"
3847,2015,257
3850,2015,"2,585"
3851,2015,474
3852,2015,0
3854,2015,36
3856,2015,23
3857,2015,14
3858,2015,244
3859,2015,49
3860,2015,637
3862,2015,185
3864,2015,29
3865,2015,11
3869,2015,61
3870,2015,59
3871,2015,123
3873,2015,13
3874,2015,56
3875,2015,"2,368"
3878,2015,29
3880,2015,196
3882,2015,20
3885,2015,77
3886,2015,16
3887,2015,57
3888,2015,334
3889,2015,15
3890,2015,40
3891,2015,4
3892,2015,58
3893,2015,0
3895,2015,4
3896,2015,22
3898,2015,47
3900,2015,22
3902,2015,6
3903,2015,38
3904,2015,38
3909,2015,884
3910,2015,"1,200"
3911,2015,337
3912,2015,838
3913,2015,236
3915,2015,"1,635"
3916,2015,26
3918,2015,173
3919,2015,253
3920,2015,6
3921,2015,3
3922,2015,722
3923,2015,13
3925,2015,242
3926,2015,130
3927,2015,47
3928,2015,9
3929,2015,51
3930,2015,672
3931,2015,"2,295"
3933,2015,211
3934,2015,507
3936,2015,754
3937,2015,127
3938,2015,139
3939,2015,"1,721"
3940,2015,433
3941,2015,980
3942,2015,114
3943,2015,136
3944,2015,45
3945,2015,31
3946,2015,1
3950,2015,395
3951,2015,22
3953,2015,433
3954,2015,10
3956,2015,112
3957,2015,3
3958,2015,7
3959,2015,31
3960,2015,87
3962,2015,32
3964,2015,2
3965,2015,9
3966,2015,23
3967,2015,0
3971,2015,252
3975,2015,959
3976,2015,"1,488"
3977,2015,"7,663"
3978,2015,726
3979,2015,11
3980,2015,209
3981,2015,310
3984,2015,387
3987,2015,47
3988,2015,23
3990,2015,2
3991,2015,55
3992,2015,58
3995,2015,"1,414"
3996,2015,283