"","Suburb","Population.density.2015","year","population","POSTCODE"
"1","AIRPORT WEST",2115.4,2015,7869,3042
"2","AIRPORT WEST",2115.4,2013,7467,3042
"3","AIRPORT WEST",2115.4,2012,7342,3042
"4","AIRPORT WEST",2115.4,2014,7643,3042
"5","AIRPORT WEST",2115.4,2007,6920,3042
"6","AIRPORT WEST",2115.4,2011,7234,3042
"7","AIRPORT WEST",2115.4,2010,7175,3042
"8","AIRPORT WEST",2115.4,2005,6870,3042
"9","AIRPORT WEST",2115.4,2008,6983,3042
"10","AIRPORT WEST",2115.4,2009,7067,3042
"11","AIRPORT WEST",2115.4,2006,6878,3042
"12","ALBERT PARK",3516.6,2010,14595,3206
"13","ALBERT PARK",3516.6,2009,14245,3206
"14","ALBERT PARK",3516.6,2015,16442,3206
"15","ALBERT PARK",3516.6,2006,13550,3206
"16","ALBERT PARK",3516.6,2008,13928,3206
"17","ALBERT PARK",3516.6,2011,15009,3206
"18","ALBERT PARK",3516.6,2005,13269,3206
"19","ALBERT PARK",3516.6,2012,15167,3206
"20","ALBERT PARK",3516.6,2014,15869,3206
"21","ALBERT PARK",3516.6,2007,13731,3206
"22","ALBERT PARK",3516.6,2013,15327,3206
"23","ALFREDTON",191.5,2012,8876,3350
"24","ALFREDTON",191.5,2011,8452,3350
"25","ALFREDTON",191.5,2006,6761,3350
"26","ALFREDTON",191.5,2009,7614,3350
"27","ALFREDTON",191.5,2008,7272,3350
"28","ALFREDTON",191.5,2014,9787,3350
"29","ALFREDTON",191.5,2010,7894,3350
"30","ALFREDTON",191.5,2013,9342,3350
"31","ALFREDTON",191.5,2005,6648,3350
"32","ALFREDTON",191.5,2007,7034,3350
"33","ALFREDTON",191.5,2015,10095,3350
"34","ALTONA",749,2015,13246,3018
"35","ALTONA",749,2006,11857,3018
"36","ALTONA",749,2008,12041,3018
"37","ALTONA",749,2005,11864,3018
"38","ALTONA",749,2012,12430,3018
"39","ALTONA",749,2010,12213,3018
"40","ALTONA",749,2013,12677,3018
"41","ALTONA",749,2011,12260,3018
"42","ALTONA",749,2014,12966,3018
"43","ALTONA",749,2009,12152,3018
"44","ALTONA",749,2007,11915,3018
"45","ALTONA MEADOWS",1847,2015,19468,3028
"46","ALTONA MEADOWS",1847,2014,19444,3028
"47","ALTONA MEADOWS",1847,2010,19780,3028
"48","ALTONA MEADOWS",1847,2005,19379,3028
"49","ALTONA MEADOWS",1847,2012,19443,3028
"50","ALTONA MEADOWS",1847,2013,19371,3028
"51","ALTONA MEADOWS",1847,2009,19895,3028
"52","ALTONA MEADOWS",1847,2007,19707,3028
"53","ALTONA MEADOWS",1847,2008,19746,3028
"54","ALTONA MEADOWS",1847,2011,19565,3028
"55","ALTONA MEADOWS",1847,2006,19411,3028
"56","ALTONA NORTH",898.4,2013,14013,3025
"57","ALTONA NORTH",898.4,2011,13558,3025
"58","ALTONA NORTH",898.4,2009,13150,3025
"59","ALTONA NORTH",898.4,2006,12844,3025
"60","ALTONA NORTH",898.4,2005,12869,3025
"61","ALTONA NORTH",898.4,2010,13366,3025
"62","ALTONA NORTH",898.4,2015,14540,3025
"63","ALTONA NORTH",898.4,2007,12877,3025
"64","ALTONA NORTH",898.4,2008,12974,3025
"65","ALTONA NORTH",898.4,2014,14297,3025
"66","ALTONA NORTH",898.4,2012,13793,3025
"67","ARMADALE",4475.2,2005,8783,3143
"68","ARMADALE",4475.2,2007,8990,3143
"69","ARMADALE",4475.2,2015,9769,3143
"70","ARMADALE",4475.2,2008,9148,3143
"71","ARMADALE",4475.2,2010,9318,3143
"72","ARMADALE",4475.2,2014,9583,3143
"73","ARMADALE",4475.2,2011,9301,3143
"74","ARMADALE",4475.2,2013,9446,3143
"75","ARMADALE",4475.2,2012,9363,3143
"76","ARMADALE",4475.2,2006,8863,3143
"77","ARMADALE",4475.2,2009,9260,3143
"78","ASCOT VALE",3995.1,2006,12890,3032
"79","ASCOT VALE",3995.1,2012,14405,3032
"80","ASCOT VALE",3995.1,2014,14936,3032
"81","ASCOT VALE",3995.1,2008,13671,3032
"82","ASCOT VALE",3995.1,2009,13914,3032
"83","ASCOT VALE",3995.1,2015,15325,3032
"84","ASCOT VALE",3995.1,2011,14135,3032
"85","ASCOT VALE",3995.1,2005,12782,3032
"86","ASCOT VALE",3995.1,2010,14012,3032
"87","ASCOT VALE",3995.1,2007,13275,3032
"88","ASCOT VALE",3995.1,2013,14528,3032
"89","BALWYN",3016.4,2006,15879,3103
"90","BALWYN",3016.4,2011,16314,3103
"91","BALWYN",3016.4,2008,16084,3103
"92","BALWYN",3016.4,2014,16687,3103
"93","BALWYN",3016.4,2005,15694,3103
"94","BALWYN",3016.4,2010,16272,3103
"95","BALWYN",3016.4,2012,16384,3103
"96","BALWYN",3016.4,2009,16187,3103
"97","BALWYN",3016.4,2007,15988,3103
"98","BALWYN",3016.4,2013,16506,3103
"99","BALWYN",3016.4,2015,16848,3103
"100","BALWYN NORTH",2408.6,2015,21314,3104
"101","BALWYN NORTH",2408.6,2014,21328,3104
"102","BALWYN NORTH",2408.6,2007,20532,3104
"103","BALWYN NORTH",2408.6,2010,20815,3104
"104","BALWYN NORTH",2408.6,2005,20289,3104
"105","BALWYN NORTH",2408.6,2009,20753,3104
"106","BALWYN NORTH",2408.6,2013,21182,3104
"107","BALWYN NORTH",2408.6,2008,20657,3104
"108","BALWYN NORTH",2408.6,2006,20412,3104
"109","BALWYN NORTH",2408.6,2012,21017,3104
"110","BALWYN NORTH",2408.6,2011,20850,3104
"111","BAYSWATER",1517.1,2011,11635,3153
"112","BAYSWATER",1517.1,2014,12068,3153
"113","BAYSWATER",1517.1,2013,11889,3153
"114","BAYSWATER",1517.1,2005,10867,3153
"115","BAYSWATER",1517.1,2012,11757,3153
"116","BAYSWATER",1517.1,2009,11361,3153
"117","BAYSWATER",1517.1,2008,11213,3153
"118","BAYSWATER",1517.1,2007,11124,3153
"119","BAYSWATER",1517.1,2015,12203,3153
"120","BAYSWATER",1517.1,2006,10973,3153
"121","BAYSWATER",1517.1,2010,11458,3153
"122","BAYSWATER NORTH",1212.9,2008,11577,3153
"123","BAYSWATER NORTH",1212.9,2014,11968,3153
"124","BAYSWATER NORTH",1212.9,2013,11924,3153
"125","BAYSWATER NORTH",1212.9,2005,11203,3153
"126","BAYSWATER NORTH",1212.9,2006,11219,3153
"127","BAYSWATER NORTH",1212.9,2011,11819,3153
"128","BAYSWATER NORTH",1212.9,2012,11839,3153
"129","BAYSWATER NORTH",1212.9,2009,11770,3153
"130","BAYSWATER NORTH",1212.9,2010,11819,3153
"131","BAYSWATER NORTH",1212.9,2015,12019,3153
"132","BAYSWATER NORTH",1212.9,2007,11353,3153
"133","BEAUMARIS",2322.9,2011,13375,3193
"134","BEAUMARIS",2322.9,2015,13863,3193
"135","BEAUMARIS",2322.9,2009,13264,3193
"136","BEAUMARIS",2322.9,2012,13428,3193
"137","BEAUMARIS",2322.9,2007,12877,3193
"138","BEAUMARIS",2322.9,2006,12767,3193
"139","BEAUMARIS",2322.9,2008,13123,3193
"140","BEAUMARIS",2322.9,2014,13702,3193
"141","BEAUMARIS",2322.9,2005,12721,3193
"142","BEAUMARIS",2322.9,2010,13351,3193
"143","BEAUMARIS",2322.9,2013,13539,3193
"144","BELMONT",1516.2,2006,13631,3216
"145","BELMONT",1516.2,2008,13666,3216
"146","BELMONT",1516.2,2011,13910,3216
"147","BELMONT",1516.2,2012,13971,3216
"148","BELMONT",1516.2,2013,13962,3216
"149","BELMONT",1516.2,2005,13683,3216
"150","BELMONT",1516.2,2010,13805,3216
"151","BELMONT",1516.2,2015,14205,3216
"152","BELMONT",1516.2,2007,13630,3216
"153","BELMONT",1516.2,2014,14111,3216
"154","BELMONT",1516.2,2009,13705,3216
"155","BENDIGO",929,2015,14841,3550
"156","BENDIGO",929,2007,14855,3550
"157","BENDIGO",929,2011,14811,3550
"158","BENDIGO",929,2008,14784,3550
"159","BENDIGO",929,2009,14763,3550
"160","BENDIGO",929,2010,14752,3550
"161","BENDIGO",929,2013,14779,3550
"162","BENDIGO",929,2006,14903,3550
"163","BENDIGO",929,2005,15016,3550
"164","BENDIGO",929,2012,14836,3550
"165","BENDIGO",929,2014,14841,3550
"166","BLACKBURN",2518.5,2005,19210,3130
"167","BLACKBURN",2518.5,2007,19534,3130
"168","BLACKBURN",2518.5,2013,21137,3130
"169","BLACKBURN",2518.5,2014,21290,3130
"170","BLACKBURN",2518.5,2015,21677,3130
"171","BLACKBURN",2518.5,2011,20635,3130
"172","BLACKBURN",2518.5,2012,20849,3130
"173","BLACKBURN",2518.5,2006,19317,3130
"174","BLACKBURN",2518.5,2010,20490,3130
"175","BLACKBURN",2518.5,2008,19999,3130
"176","BLACKBURN",2518.5,2009,20332,3130
"177","BLACKBURN SOUTH",3115,2008,10760,3130
"178","BLACKBURN SOUTH",3115,2011,10975,3130
"179","BLACKBURN SOUTH",3115,2005,10530,3130
"180","BLACKBURN SOUTH",3115,2013,11071,3130
"181","BLACKBURN SOUTH",3115,2015,11204,3130
"182","BLACKBURN SOUTH",3115,2010,10958,3130
"183","BLACKBURN SOUTH",3115,2009,10873,3130
"184","BLACKBURN SOUTH",3115,2012,10985,3130
"185","BLACKBURN SOUTH",3115,2014,11166,3130
"186","BLACKBURN SOUTH",3115,2007,10668,3130
"187","BLACKBURN SOUTH",3115,2006,10588,3130
"188","BOX HILL",2832,2013,19088,3128
"189","BOX HILL",2832,2008,17414,3128
"190","BOX HILL",2832,2009,17965,3128
"191","BOX HILL",2832,2006,16476,3128
"192","BOX HILL",2832,2014,19484,3128
"193","BOX HILL",2832,2011,18240,3128
"194","BOX HILL",2832,2005,16109,3128
"195","BOX HILL",2832,2015,19859,3128
"196","BOX HILL",2832,2010,18218,3128
"197","BOX HILL",2832,2007,17012,3128
"198","BOX HILL",2832,2012,18635,3128
"199","BOX HILL NORTH",2914.1,2009,16973,3129
"200","BOX HILL NORTH",2914.1,2005,16038,3129
"201","BOX HILL NORTH",2914.1,2010,17051,3129
"202","BOX HILL NORTH",2914.1,2013,17488,3129
"203","BOX HILL NORTH",2914.1,2014,17942,3129
"204","BOX HILL NORTH",2914.1,2007,16447,3129
"205","BOX HILL NORTH",2914.1,2011,17036,3129
"206","BOX HILL NORTH",2914.1,2006,16224,3129
"207","BOX HILL NORTH",2914.1,2012,17216,3129
"208","BOX HILL NORTH",2914.1,2008,16699,3129
"209","BOX HILL NORTH",2914.1,2015,18092,3129
"210","BRAYBROOK",2456.2,2008,14881,3019
"211","BRAYBROOK",2456.2,2015,18380,3019
"212","BRAYBROOK",2456.2,2009,15633,3019
"213","BRAYBROOK",2456.2,2007,14178,3019
"214","BRAYBROOK",2456.2,2006,13482,3019
"215","BRAYBROOK",2456.2,2011,16719,3019
"216","BRAYBROOK",2456.2,2010,16343,3019
"217","BRAYBROOK",2456.2,2013,17456,3019
"218","BRAYBROOK",2456.2,2012,17055,3019
"219","BRAYBROOK",2456.2,2014,18029,3019
"220","BRAYBROOK",2456.2,2005,13184,3019
"221","BRIGHTON EAST",3008.5,2014,16751,3187
"222","BRIGHTON EAST",3008.5,2011,16087,3187
"223","BRIGHTON EAST",3008.5,2010,16060,3187
"224","BRIGHTON EAST",3008.5,2013,16532,3187
"225","BRIGHTON EAST",3008.5,2012,16294,3187
"226","BRIGHTON EAST",3008.5,2009,15958,3187
"227","BRIGHTON EAST",3008.5,2007,15460,3187
"228","BRIGHTON EAST",3008.5,2008,15739,3187
"229","BRIGHTON EAST",3008.5,2015,16871,3187
"230","BRIGHTON EAST",3008.5,2006,15265,3187
"231","BRIGHTON EAST",3008.5,2005,15011,3187
"232","BROADMEADOWS",1505.7,2008,11551,3047
"233","BROADMEADOWS",1505.7,2009,11791,3047
"234","BROADMEADOWS",1505.7,2010,12048,3047
"235","BROADMEADOWS",1505.7,2005,11518,3047
"236","BROADMEADOWS",1505.7,2007,11461,3047
"237","BROADMEADOWS",1505.7,2015,13290,3047
"238","BROADMEADOWS",1505.7,2013,12614,3047
"239","BROADMEADOWS",1505.7,2014,12953,3047
"240","BROADMEADOWS",1505.7,2011,12243,3047
"241","BROADMEADOWS",1505.7,2006,11465,3047
"242","BROADMEADOWS",1505.7,2012,12416,3047
"243","BRUNSWICK",5102.6,2010,23546,3056
"244","BRUNSWICK",5102.6,2012,24490,3056
"245","BRUNSWICK",5102.6,2015,26240,3056
"246","BRUNSWICK",5102.6,2009,23110,3056
"247","BRUNSWICK",5102.6,2007,22144,3056
"248","BRUNSWICK",5102.6,2014,25733,3056
"249","BRUNSWICK",5102.6,2013,25092,3056
"250","BRUNSWICK",5102.6,2011,23987,3056
"251","BRUNSWICK",5102.6,2008,22641,3056
"252","BRUNSWICK",5102.6,2005,21384,3056
"253","BRUNSWICK",5102.6,2006,21655,3056
"254","BRUNSWICK EAST",4981.9,2010,8789,3057
"255","BRUNSWICK EAST",4981.9,2007,8058,3057
"256","BRUNSWICK EAST",4981.9,2015,10801,3057
"257","BRUNSWICK EAST",4981.9,2011,8966,3057
"258","BRUNSWICK EAST",4981.9,2006,7803,3057
"259","BRUNSWICK EAST",4981.9,2008,8313,3057
"260","BRUNSWICK EAST",4981.9,2014,10212,3057
"261","BRUNSWICK EAST",4981.9,2005,7658,3057
"262","BRUNSWICK EAST",4981.9,2013,9916,3057
"263","BRUNSWICK EAST",4981.9,2009,8586,3057
"264","BRUNSWICK EAST",4981.9,2012,9132,3057
"265","BRUNSWICK WEST",4589.1,2007,12946,3055
"266","BRUNSWICK WEST",4589.1,2015,14590,3055
"267","BRUNSWICK WEST",4589.1,2011,13864,3055
"268","BRUNSWICK WEST",4589.1,2013,14141,3055
"269","BRUNSWICK WEST",4589.1,2012,14008,3055
"270","BRUNSWICK WEST",4589.1,2005,12609,3055
"271","BRUNSWICK WEST",4589.1,2014,14391,3055
"272","BRUNSWICK WEST",4589.1,2006,12746,3055
"273","BRUNSWICK WEST",4589.1,2010,13741,3055
"274","BRUNSWICK WEST",4589.1,2008,13232,3055
"275","BRUNSWICK WEST",4589.1,2009,13580,3055
"276","BULLEEN",1754,2012,11405,3105
"277","BULLEEN",1754,2014,11550,3105
"278","BULLEEN",1754,2009,11290,3105
"279","BULLEEN",1754,2007,11013,3105
"280","BULLEEN",1754,2011,11376,3105
"281","BULLEEN",1754,2005,10920,3105
"282","BULLEEN",1754,2015,11701,3105
"283","BULLEEN",1754,2008,11136,3105
"284","BULLEEN",1754,2006,10867,3105
"285","BULLEEN",1754,2010,11350,3105
"286","BULLEEN",1754,2013,11423,3105
"287","BUNINYONG",139.7,2011,6725,3357
"288","BUNINYONG",139.7,2010,6595,3357
"289","BUNINYONG",139.7,2006,6037,3357
"290","BUNINYONG",139.7,2007,6131,3357
"291","BUNINYONG",139.7,2009,6431,3357
"292","BUNINYONG",139.7,2013,6992,3357
"293","BUNINYONG",139.7,2005,5857,3357
"294","BUNINYONG",139.7,2008,6252,3357
"295","BUNINYONG",139.7,2015,7206,3357
"296","BUNINYONG",139.7,2012,6830,3357
"297","BUNINYONG",139.7,2014,7098,3357
"298","BURWOOD",2407.3,2013,11690,3125
"299","BURWOOD",2407.3,2012,11488,3125
"300","BURWOOD",2407.3,2007,10363,3125
"301","BURWOOD",2407.3,2009,10936,3125
"302","BURWOOD",2407.3,2010,11150,3125
"303","BURWOOD",2407.3,2011,11327,3125
"304","BURWOOD",2407.3,2008,10650,3125
"305","BURWOOD",2407.3,2005,10048,3125
"306","BURWOOD",2407.3,2006,10227,3125
"307","BURWOOD",2407.3,2015,12131,3125
"308","BURWOOD",2407.3,2014,11947,3125
"309","BURWOOD EAST",2515.7,2009,10525,3151
"310","BURWOOD EAST",2515.7,2010,10572,3151
"311","BURWOOD EAST",2515.7,2014,10700,3151
"312","BURWOOD EAST",2515.7,2015,10723,3151
"313","BURWOOD EAST",2515.7,2007,10312,3151
"314","BURWOOD EAST",2515.7,2006,10239,3151
"315","BURWOOD EAST",2515.7,2011,10614,3151
"316","BURWOOD EAST",2515.7,2012,10640,3151
"317","BURWOOD EAST",2515.7,2013,10682,3151
"318","BURWOOD EAST",2515.7,2005,10183,3151
"319","BURWOOD EAST",2515.7,2008,10408,3151
"320","CAIRNLEA",2330.1,2010,9099,3023
"321","CAIRNLEA",2330.1,2015,10264,3023
"322","CAIRNLEA",2330.1,2014,10031,3023
"323","CAIRNLEA",2330.1,2007,7362,3023
"324","CAIRNLEA",2330.1,2005,5255,3023
"325","CAIRNLEA",2330.1,2009,8788,3023
"326","CAIRNLEA",2330.1,2012,9608,3023
"327","CAIRNLEA",2330.1,2008,8121,3023
"328","CAIRNLEA",2330.1,2006,6322,3023
"329","CAIRNLEA",2330.1,2011,9311,3023
"330","CAIRNLEA",2330.1,2013,9811,3023
"331","CAMBERWELL",3020.5,2005,20202,3124
"332","CAMBERWELL",3020.5,2011,20918,3124
"333","CAMBERWELL",3020.5,2014,21569,3124
"334","CAMBERWELL",3020.5,2013,21259,3124
"335","CAMBERWELL",3020.5,2012,21087,3124
"336","CAMBERWELL",3020.5,2010,20822,3124
"337","CAMBERWELL",3020.5,2007,20339,3124
"338","CAMBERWELL",3020.5,2008,20479,3124
"339","CAMBERWELL",3020.5,2009,20701,3124
"340","CAMBERWELL",3020.5,2015,22024,3124
"341","CAMBERWELL",3020.5,2006,20218,3124
"342","CARLTON",9783.1,2007,13509,3053
"343","CARLTON",9783.1,2005,11924,3053
"344","CARLTON",9783.1,2011,15122,3053
"345","CARLTON",9783.1,2006,12737,3053
"346","CARLTON",9783.1,2012,15377,3053
"347","CARLTON",9783.1,2008,14133,3053
"348","CARLTON",9783.1,2010,14926,3053
"349","CARLTON",9783.1,2015,17788,3053
"350","CARLTON",9783.1,2014,17243,3053
"351","CARLTON",9783.1,2009,14687,3053
"352","CARLTON",9783.1,2013,16299,3053
"353","CARNEGIE",4856.7,2012,17323,3163
"354","CARNEGIE",4856.7,2010,16915,3163
"355","CARNEGIE",4856.7,2013,17679,3163
"356","CARNEGIE",4856.7,2006,15659,3163
"357","CARNEGIE",4856.7,2014,18059,3163
"358","CARNEGIE",4856.7,2015,18478,3163
"359","CARNEGIE",4856.7,2009,16742,3163
"360","CARNEGIE",4856.7,2008,16289,3163
"361","CARNEGIE",4856.7,2011,17047,3163
"362","CARNEGIE",4856.7,2007,16003,3163
"363","CARNEGIE",4856.7,2005,15477,3163
"364","CAROLINE SPRINGS",2704.5,2007,17936,3023
"365","CAROLINE SPRINGS",2704.5,2011,26983,3023
"366","CAROLINE SPRINGS",2704.5,2006,15993,3023
"367","CAROLINE SPRINGS",2704.5,2015,31083,3023
"368","CAROLINE SPRINGS",2704.5,2008,20007,3023
"369","CAROLINE SPRINGS",2704.5,2005,14068,3023
"370","CAROLINE SPRINGS",2704.5,2012,28349,3023
"371","CAROLINE SPRINGS",2704.5,2010,25051,3023
"372","CAROLINE SPRINGS",2704.5,2013,29536,3023
"373","CAROLINE SPRINGS",2704.5,2014,30418,3023
"374","CAROLINE SPRINGS",2704.5,2009,22419,3023
"375","CARRUM DOWNS",1034.8,2006,17550,3201
"376","CARRUM DOWNS",1034.8,2009,19058,3201
"377","CARRUM DOWNS",1034.8,2014,20781,3201
"378","CARRUM DOWNS",1034.8,2011,19682,3201
"379","CARRUM DOWNS",1034.8,2010,19499,3201
"380","CARRUM DOWNS",1034.8,2012,19871,3201
"381","CARRUM DOWNS",1034.8,2005,17122,3201
"382","CARRUM DOWNS",1034.8,2013,20446,3201
"383","CARRUM DOWNS",1034.8,2008,18342,3201
"384","CARRUM DOWNS",1034.8,2007,17898,3201
"385","CARRUM DOWNS",1034.8,2015,21014,3201
"386","CHELSEA HEIGHTS",1703,2008,5299,3196
"387","CHELSEA HEIGHTS",1703,2013,5378,3196
"388","CHELSEA HEIGHTS",1703,2005,5297,3196
"389","CHELSEA HEIGHTS",1703,2015,5442,3196
"390","CHELSEA HEIGHTS",1703,2010,5349,3196
"391","CHELSEA HEIGHTS",1703,2012,5352,3196
"392","CHELSEA HEIGHTS",1703,2006,5248,3196
"393","CHELSEA HEIGHTS",1703,2009,5333,3196
"394","CHELSEA HEIGHTS",1703,2014,5425,3196
"395","CHELSEA HEIGHTS",1703,2011,5329,3196
"396","CHELSEA HEIGHTS",1703,2007,5263,3196
"397","CHIRNSIDE PARK",440.2,2009,9387,3116
"398","CHIRNSIDE PARK",440.2,2014,9545,3116
"399","CHIRNSIDE PARK",440.2,2015,9773,3116
"400","CHIRNSIDE PARK",440.2,2006,9212,3116
"401","CHIRNSIDE PARK",440.2,2012,9421,3116
"402","CHIRNSIDE PARK",440.2,2007,9251,3116
"403","CHIRNSIDE PARK",440.2,2005,9135,3116
"404","CHIRNSIDE PARK",440.2,2010,9420,3116
"405","CHIRNSIDE PARK",440.2,2011,9422,3116
"406","CHIRNSIDE PARK",440.2,2008,9307,3116
"407","CHIRNSIDE PARK",440.2,2013,9496,3116
"408","CLAYTON",2223.1,2005,15933,3168
"409","CLAYTON",2223.1,2014,20237,3168
"410","CLAYTON",2223.1,2010,17583,3168
"411","CLAYTON",2223.1,2007,16732,3168
"412","CLAYTON",2223.1,2006,16442,3168
"413","CLAYTON",2223.1,2008,16836,3168
"414","CLAYTON",2223.1,2011,18698,3168
"415","CLAYTON",2223.1,2012,19274,3168
"416","CLAYTON",2223.1,2009,17285,3168
"417","CLAYTON",2223.1,2015,20922,3168
"418","CLAYTON",2223.1,2013,19814,3168
"419","CLAYTON SOUTH",1622,2011,12254,3169
"420","CLAYTON SOUTH",1622,2007,11068,3169
"421","CLAYTON SOUTH",1622,2010,12078,3169
"422","CLAYTON SOUTH",1622,2013,12690,3169
"423","CLAYTON SOUTH",1622,2015,12876,3169
"424","CLAYTON SOUTH",1622,2006,10961,3169
"425","CLAYTON SOUTH",1622,2009,11884,3169
"426","CLAYTON SOUTH",1622,2012,12529,3169
"427","CLAYTON SOUTH",1622,2005,10947,3169
"428","CLAYTON SOUTH",1622,2014,12858,3169
"429","CLAYTON SOUTH",1622,2008,11456,3169
"430","COBURG",3990.4,2006,24353,3058
"431","COBURG",3990.4,2013,26966,3058
"432","COBURG",3990.4,2007,24772,3058
"433","COBURG",3990.4,2009,25841,3058
"434","COBURG",3990.4,2012,26609,3058
"435","COBURG",3990.4,2015,27668,3058
"436","COBURG",3990.4,2014,27328,3058
"437","COBURG",3990.4,2011,26234,3058
"438","COBURG",3990.4,2008,25319,3058
"439","COBURG",3990.4,2005,23998,3058
"440","COBURG",3990.4,2010,26015,3058
"441","COBURG NORTH",1542.6,2011,6852,3058
"442","COBURG NORTH",1542.6,2010,6784,3058
"443","COBURG NORTH",1542.6,2012,6905,3058
"444","COBURG NORTH",1542.6,2006,6293,3058
"445","COBURG NORTH",1542.6,2013,7038,3058
"446","COBURG NORTH",1542.6,2005,6273,3058
"447","COBURG NORTH",1542.6,2014,7281,3058
"448","COBURG NORTH",1542.6,2015,7525,3058
"449","COBURG NORTH",1542.6,2007,6434,3058
"450","COBURG NORTH",1542.6,2009,6700,3058
"451","COBURG NORTH",1542.6,2008,6490,3058
"452","COLLINGWOOD",6657.3,2014,7767,3066
"453","COLLINGWOOD",6657.3,2011,6867,3066
"454","COLLINGWOOD",6657.3,2015,8435,3066
"455","COLLINGWOOD",6657.3,2007,5939,3066
"456","COLLINGWOOD",6657.3,2012,7124,3066
"457","COLLINGWOOD",6657.3,2006,5761,3066
"458","COLLINGWOOD",6657.3,2005,5653,3066
"459","COLLINGWOOD",6657.3,2008,6185,3066
"460","COLLINGWOOD",6657.3,2010,6684,3066
"461","COLLINGWOOD",6657.3,2009,6454,3066
"462","COLLINGWOOD",6657.3,2013,7253,3066
"463","CRANBOURNE",1664.9,2011,19169,3977
"464","CRANBOURNE",1664.9,2013,20501,3977
"465","CRANBOURNE",1664.9,2008,17059,3977
"466","CRANBOURNE",1664.9,2012,19736,3977
"467","CRANBOURNE",1664.9,2006,15071,3977
"468","CRANBOURNE",1664.9,2014,21140,3977
"469","CRANBOURNE",1664.9,2005,14665,3977
"470","CRANBOURNE",1664.9,2015,21688,3977
"471","CRANBOURNE",1664.9,2009,18016,3977
"472","CRANBOURNE",1664.9,2010,18859,3977
"473","CRANBOURNE",1664.9,2007,15913,3977
"474","CRANBOURNE EAST",441.2,2013,11392,3977
"475","CRANBOURNE EAST",441.2,2006,4230,3977
"476","CRANBOURNE EAST",441.2,2007,4858,3977
"477","CRANBOURNE EAST",441.2,2011,8344,3977
"478","CRANBOURNE EAST",441.2,2009,6211,3977
"479","CRANBOURNE EAST",441.2,2010,6844,3977
"480","CRANBOURNE EAST",441.2,2005,3425,3977
"481","CRANBOURNE EAST",441.2,2014,14334,3977
"482","CRANBOURNE EAST",441.2,2012,9787,3977
"483","CRANBOURNE EAST",441.2,2008,5350,3977
"484","CRANBOURNE EAST",441.2,2015,18923,3977
"485","CRANBOURNE NORTH",1862.4,2011,14826,3977
"486","CRANBOURNE NORTH",1862.4,2013,16652,3977
"487","CRANBOURNE NORTH",1862.4,2006,9886,3977
"488","CRANBOURNE NORTH",1862.4,2012,15801,3977
"489","CRANBOURNE NORTH",1862.4,2015,19070,3977
"490","CRANBOURNE NORTH",1862.4,2014,17673,3977
"491","CRANBOURNE NORTH",1862.4,2009,12536,3977
"492","CRANBOURNE NORTH",1862.4,2010,13655,3977
"493","CRANBOURNE NORTH",1862.4,2007,10632,3977
"494","CRANBOURNE NORTH",1862.4,2005,9565,3977
"495","CRANBOURNE NORTH",1862.4,2008,11516,3977
"496","CRANBOURNE SOUTH",109.5,2009,5833,3977
"497","CRANBOURNE SOUTH",109.5,2013,8270,3977
"498","CRANBOURNE SOUTH",109.5,2006,5070,3977
"499","CRANBOURNE SOUTH",109.5,2007,5141,3977
"500","CRANBOURNE SOUTH",109.5,2005,4925,3977
"501","CRANBOURNE SOUTH",109.5,2008,5419,3977
"502","CRANBOURNE SOUTH",109.5,2014,8616,3977
"503","CRANBOURNE SOUTH",109.5,2015,8945,3977
"504","CRANBOURNE SOUTH",109.5,2011,6880,3977
"505","CRANBOURNE SOUTH",109.5,2012,7419,3977
"506","CRANBOURNE SOUTH",109.5,2010,6311,3977
"507","CRANBOURNE WEST",967.1,2015,12474,3977
"508","CRANBOURNE WEST",967.1,2013,10598,3977
"509","CRANBOURNE WEST",967.1,2009,8571,3977
"510","CRANBOURNE WEST",967.1,2007,7880,3977
"511","CRANBOURNE WEST",967.1,2011,9000,3977
"512","CRANBOURNE WEST",967.1,2006,7584,3977
"513","CRANBOURNE WEST",967.1,2012,9629,3977
"514","CRANBOURNE WEST",967.1,2008,8208,3977
"515","CRANBOURNE WEST",967.1,2014,11743,3977
"516","CRANBOURNE WEST",967.1,2005,7238,3977
"517","CRANBOURNE WEST",967.1,2010,8837,3977
"518","CROYDON",1851.7,2012,30891,3136
"519","CROYDON",1851.7,2014,32225,3136
"520","CROYDON",1851.7,2015,32862,3136
"521","CROYDON",1851.7,2006,28266,3136
"522","CROYDON",1851.7,2008,29232,3136
"523","CROYDON",1851.7,2007,28698,3136
"524","CROYDON",1851.7,2005,28039,3136
"525","CROYDON",1851.7,2011,30526,3136
"526","CROYDON",1851.7,2013,31500,3136
"527","CROYDON",1851.7,2009,29917,3136
"528","CROYDON",1851.7,2010,30192,3136
"529","DANDENONG",494.8,2008,25250,3175
"530","DANDENONG",494.8,2005,22980,3175
"531","DANDENONG",494.8,2011,27414,3175
"532","DANDENONG",494.8,2010,26613,3175
"533","DANDENONG",494.8,2012,28213,3175
"534","DANDENONG",494.8,2007,24232,3175
"535","DANDENONG",494.8,2015,30575,3175
"536","DANDENONG",494.8,2013,29108,3175
"537","DANDENONG",494.8,2014,29895,3175
"538","DANDENONG",494.8,2006,23246,3175
"539","DANDENONG",494.8,2009,25915,3175
"540","DANDENONG NORTH",2470.9,2007,22875,3175
"541","DANDENONG NORTH",2470.9,2014,23421,3175
"542","DANDENONG NORTH",2470.9,2012,23088,3175
"543","DANDENONG NORTH",2470.9,2011,22949,3175
"544","DANDENONG NORTH",2470.9,2015,23561,3175
"545","DANDENONG NORTH",2470.9,2013,23204,3175
"546","DANDENONG NORTH",2470.9,2009,23010,3175
"547","DANDENONG NORTH",2470.9,2010,22983,3175
"548","DANDENONG NORTH",2470.9,2008,22965,3175
"549","DANDENONG NORTH",2470.9,2006,22847,3175
"550","DANDENONG NORTH",2470.9,2005,22815,3175
"551","DELACOMBE",194.7,2006,5041,3356
"552","DELACOMBE",194.7,2010,5699,3356
"553","DELACOMBE",194.7,2011,5838,3356
"554","DELACOMBE",194.7,2008,5349,3356
"555","DELACOMBE",194.7,2013,6184,3356
"556","DELACOMBE",194.7,2005,4704,3356
"557","DELACOMBE",194.7,2015,6650,3356
"558","DELACOMBE",194.7,2012,5981,3356
"559","DELACOMBE",194.7,2009,5557,3356
"560","DELACOMBE",194.7,2014,6463,3356
"561","DELACOMBE",194.7,2007,5206,3356
"562","DELAHEY",2508.1,2007,9042,3037
"563","DELAHEY",2508.1,2005,8954,3037
"564","DELAHEY",2508.1,2006,9049,3037
"565","DELAHEY",2508.1,2015,8792,3037
"566","DELAHEY",2508.1,2008,9038,3037
"567","DELAHEY",2508.1,2011,8769,3037
"568","DELAHEY",2508.1,2014,8816,3037
"569","DELAHEY",2508.1,2009,9003,3037
"570","DELAHEY",2508.1,2013,8730,3037
"571","DELAHEY",2508.1,2010,8896,3037
"572","DELAHEY",2508.1,2012,8755,3037
"573","DINGLEY VILLAGE",1438,2011,10568,3172
"574","DINGLEY VILLAGE",1438,2005,10375,3172
"575","DINGLEY VILLAGE",1438,2006,10374,3172
"576","DINGLEY VILLAGE",1438,2008,10454,3172
"577","DINGLEY VILLAGE",1438,2015,10416,3172
"578","DINGLEY VILLAGE",1438,2014,10513,3172
"579","DINGLEY VILLAGE",1438,2009,10505,3172
"580","DINGLEY VILLAGE",1438,2007,10420,3172
"581","DINGLEY VILLAGE",1438,2010,10549,3172
"582","DINGLEY VILLAGE",1438,2013,10567,3172
"583","DINGLEY VILLAGE",1438,2012,10589,3172
"584","DOCKLANDS",2955.1,2006,4152,3008
"585","DOCKLANDS",2955.1,2013,7425,3008
"586","DOCKLANDS",2955.1,2010,5780,3008
"587","DOCKLANDS",2955.1,2008,5040,3008
"588","DOCKLANDS",2955.1,2007,4592,3008
"589","DOCKLANDS",2955.1,2011,6196,3008
"590","DOCKLANDS",2955.1,2009,5402,3008
"591","DOCKLANDS",2955.1,2012,6447,3008
"592","DOCKLANDS",2955.1,2005,3779,3008
"593","DOCKLANDS",2955.1,2014,8157,3008
"594","DOCKLANDS",2955.1,2015,8871,3008
"595","DONCASTER",2312.1,2011,19343,3108
"596","DONCASTER",2312.1,2012,19478,3108
"597","DONCASTER",2312.1,2014,20013,3108
"598","DONCASTER",2312.1,2007,18717,3108
"599","DONCASTER",2312.1,2005,18562,3108
"600","DONCASTER",2312.1,2009,19015,3108
"601","DONCASTER",2312.1,2006,18599,3108
"602","DONCASTER",2312.1,2013,19727,3108
"603","DONCASTER",2312.1,2008,18834,3108
"604","DONCASTER",2312.1,2015,20287,3108
"605","DONCASTER",2312.1,2010,19131,3108
"606","DONCASTER EAST",2632.9,2015,29415,3109
"607","DONCASTER EAST",2632.9,2014,29136,3109
"608","DONCASTER EAST",2632.9,2012,28536,3109
"609","DONCASTER EAST",2632.9,2005,27330,3109
"610","DONCASTER EAST",2632.9,2010,28317,3109
"611","DONCASTER EAST",2632.9,2011,28356,3109
"612","DONCASTER EAST",2632.9,2009,28270,3109
"613","DONCASTER EAST",2632.9,2013,28609,3109
"614","DONCASTER EAST",2632.9,2008,28056,3109
"615","DONCASTER EAST",2632.9,2007,27743,3109
"616","DONCASTER EAST",2632.9,2006,27439,3109
"617","DOVETON",2185.8,2015,11381,3177
"618","DOVETON",2185.8,2013,11116,3177
"619","DOVETON",2185.8,2006,9672,3177
"620","DOVETON",2185.8,2010,10436,3177
"621","DOVETON",2185.8,2005,9769,3177
"622","DOVETON",2185.8,2009,10192,3177
"623","DOVETON",2185.8,2008,9979,3177
"624","DOVETON",2185.8,2014,11378,3177
"625","DOVETON",2185.8,2007,9823,3177
"626","DOVETON",2185.8,2012,10850,3177
"627","DOVETON",2185.8,2011,10695,3177
"628","DROMANA",236.3,2013,9889,3936
"629","DROMANA",236.3,2008,9054,3936
"630","DROMANA",236.3,2011,9333,3936
"631","DROMANA",236.3,2015,10645,3936
"632","DROMANA",236.3,2005,8588,3936
"633","DROMANA",236.3,2007,8830,3936
"634","DROMANA",236.3,2014,10097,3936
"635","DROMANA",236.3,2006,8636,3936
"636","DROMANA",236.3,2010,9249,3936
"637","DROMANA",236.3,2009,9231,3936
"638","DROMANA",236.3,2012,9551,3936
"639","EAST MELBOURNE",1865.7,2011,5238,3002
"640","EAST MELBOURNE",1865.7,2008,5055,3002
"641","EAST MELBOURNE",1865.7,2010,5272,3002
"642","EAST MELBOURNE",1865.7,2005,4495,3002
"643","EAST MELBOURNE",1865.7,2012,5273,3002
"644","EAST MELBOURNE",1865.7,2007,4806,3002
"645","EAST MELBOURNE",1865.7,2009,5202,3002
"646","EAST MELBOURNE",1865.7,2006,4555,3002
"647","EAST MELBOURNE",1865.7,2013,5348,3002
"648","EAST MELBOURNE",1865.7,2015,5410,3002
"649","EAST MELBOURNE",1865.7,2014,5379,3002
"650","ELSTERNWICK",4127.9,2015,11813,3185
"651","ELSTERNWICK",4127.9,2009,11199,3185
"652","ELSTERNWICK",4127.9,2014,11648,3185
"653","ELSTERNWICK",4127.9,2005,10527,3185
"654","ELSTERNWICK",4127.9,2008,11031,3185
"655","ELSTERNWICK",4127.9,2011,11292,3185
"656","ELSTERNWICK",4127.9,2010,11278,3185
"657","ELSTERNWICK",4127.9,2007,10878,3185
"658","ELSTERNWICK",4127.9,2013,11445,3185
"659","ELSTERNWICK",4127.9,2012,11339,3185
"660","ELSTERNWICK",4127.9,2006,10668,3185
"661","ELTHAM",1201.3,2010,23791,3095
"662","ELTHAM",1201.3,2012,23603,3095
"663","ELTHAM",1201.3,2015,23411,3095
"664","ELTHAM",1201.3,2008,23863,3095
"665","ELTHAM",1201.3,2013,23574,3095
"666","ELTHAM",1201.3,2007,23898,3095
"667","ELTHAM",1201.3,2006,23965,3095
"668","ELTHAM",1201.3,2009,23865,3095
"669","ELTHAM",1201.3,2014,23664,3095
"670","ELTHAM",1201.3,2011,23651,3095
"671","ELTHAM",1201.3,2005,24051,3095
"672","ELWOOD",6456.4,2009,15425,3184
"673","ELWOOD",6456.4,2006,14477,3184
"674","ELWOOD",6456.4,2014,16344,3184
"675","ELWOOD",6456.4,2012,15904,3184
"676","ELWOOD",6456.4,2013,16079,3184
"677","ELWOOD",6456.4,2015,16487,3184
"678","ELWOOD",6456.4,2007,14790,3184
"679","ELWOOD",6456.4,2008,15076,3184
"680","ELWOOD",6456.4,2011,15666,3184
"681","ELWOOD",6456.4,2010,15552,3184
"682","ELWOOD",6456.4,2005,14216,3184
"683","ENDEAVOUR HILLS",1307.4,2005,27011,3802
"684","ENDEAVOUR HILLS",1307.4,2015,26226,3802
"685","ENDEAVOUR HILLS",1307.4,2006,26861,3802
"686","ENDEAVOUR HILLS",1307.4,2014,26485,3802
"687","ENDEAVOUR HILLS",1307.4,2010,26733,3802
"688","ENDEAVOUR HILLS",1307.4,2011,26650,3802
"689","ENDEAVOUR HILLS",1307.4,2009,26769,3802
"690","ENDEAVOUR HILLS",1307.4,2007,26750,3802
"691","ENDEAVOUR HILLS",1307.4,2012,26627,3802
"692","ENDEAVOUR HILLS",1307.4,2013,26392,3802
"693","ENDEAVOUR HILLS",1307.4,2008,26762,3802
"694","EPPING",459,2008,22530,3076
"695","EPPING",459,2005,19868,3076
"696","EPPING",459,2015,38964,3076
"697","EPPING",459,2009,23986,3076
"698","EPPING",459,2007,21238,3076
"699","EPPING",459,2011,27888,3076
"700","EPPING",459,2012,30402,3076
"701","EPPING",459,2006,20121,3076
"702","EPPING",459,2014,35648,3076
"703","EPPING",459,2010,24968,3076
"704","EPPING",459,2013,33146,3076
"705","FAWKNER",2807.3,2014,13952,3060
"706","FAWKNER",2807.3,2011,13171,3060
"707","FAWKNER",2807.3,2012,13341,3060
"708","FAWKNER",2807.3,2015,14275,3060
"709","FAWKNER",2807.3,2005,12167,3060
"710","FAWKNER",2807.3,2013,13572,3060
"711","FAWKNER",2807.3,2009,12970,3060
"712","FAWKNER",2807.3,2007,12481,3060
"713","FAWKNER",2807.3,2010,13106,3060
"714","FAWKNER",2807.3,2008,12674,3060
"715","FAWKNER",2807.3,2006,12250,3060
"716","FERNTREE GULLY",1784.9,2006,27730,3156
"717","FERNTREE GULLY",1784.9,2013,28971,3156
"718","FERNTREE GULLY",1784.9,2007,27939,3156
"719","FERNTREE GULLY",1784.9,2009,28780,3156
"720","FERNTREE GULLY",1784.9,2014,28871,3156
"721","FERNTREE GULLY",1784.9,2008,28205,3156
"722","FERNTREE GULLY",1784.9,2012,28995,3156
"723","FERNTREE GULLY",1784.9,2005,27681,3156
"724","FERNTREE GULLY",1784.9,2015,28913,3156
"725","FERNTREE GULLY",1784.9,2010,28946,3156
"726","FERNTREE GULLY",1784.9,2011,28948,3156
"727","FITZROY",8265.8,2014,11052,3065
"728","FITZROY",8265.8,2010,10238,3065
"729","FITZROY",8265.8,2006,9241,3065
"730","FITZROY",8265.8,2015,11386,3065
"731","FITZROY",8265.8,2008,9857,3065
"732","FITZROY",8265.8,2011,10214,3065
"733","FITZROY",8265.8,2012,10563,3065
"734","FITZROY",8265.8,2009,10050,3065
"735","FITZROY",8265.8,2007,9596,3065
"736","FITZROY",8265.8,2005,8961,3065
"737","FITZROY",8265.8,2013,10815,3065
"738","FITZROY NORTH",5189.9,2010,12163,3068
"739","FITZROY NORTH",5189.9,2014,12703,3068
"740","FITZROY NORTH",5189.9,2005,11486,3068
"741","FITZROY NORTH",5189.9,2007,11725,3068
"742","FITZROY NORTH",5189.9,2013,12445,3068
"743","FITZROY NORTH",5189.9,2015,13000,3068
"744","FITZROY NORTH",5189.9,2012,12351,3068
"745","FITZROY NORTH",5189.9,2011,12143,3068
"746","FITZROY NORTH",5189.9,2006,11606,3068
"747","FITZROY NORTH",5189.9,2008,11937,3068
"748","FITZROY NORTH",5189.9,2009,12104,3068
"749","FLEMINGTON",6322.1,2007,8661,3031
"750","FLEMINGTON",6322.1,2014,9900,3031
"751","FLEMINGTON",6322.1,2011,9547,3031
"752","FLEMINGTON",6322.1,2012,9654,3031
"753","FLEMINGTON",6322.1,2010,9261,3031
"754","FLEMINGTON",6322.1,2009,9030,3031
"755","FLEMINGTON",6322.1,2015,9994,3031
"756","FLEMINGTON",6322.1,2008,8841,3031
"757","FLEMINGTON",6322.1,2013,9791,3031
"758","FLEMINGTON",6322.1,2005,8240,3031
"759","FLEMINGTON",6322.1,2006,8410,3031
"760","FOOTSCRAY",3299.1,2008,12462,3011
"761","FOOTSCRAY",3299.1,2005,11731,3011
"762","FOOTSCRAY",3299.1,2009,12815,3011
"763","FOOTSCRAY",3299.1,2015,16387,3011
"764","FOOTSCRAY",3299.1,2014,16032,3011
"765","FOOTSCRAY",3299.1,2011,14025,3011
"766","FOOTSCRAY",3299.1,2013,15243,3011
"767","FOOTSCRAY",3299.1,2012,14331,3011
"768","FOOTSCRAY",3299.1,2007,12085,3011
"769","FOOTSCRAY",3299.1,2010,13214,3011
"770","FOOTSCRAY",3299.1,2006,11828,3011
"771","FOREST HILL",2666,2011,10430,3131
"772","FOREST HILL",2666,2010,10370,3131
"773","FOREST HILL",2666,2013,10626,3131
"774","FOREST HILL",2666,2008,10180,3131
"775","FOREST HILL",2666,2012,10479,3131
"776","FOREST HILL",2666,2014,10763,3131
"777","FOREST HILL",2666,2006,10010,3131
"778","FOREST HILL",2666,2015,10852,3131
"779","FOREST HILL",2666,2005,9976,3131
"780","FOREST HILL",2666,2009,10321,3131
"781","FOREST HILL",2666,2007,10124,3131
"782","FRANKSTON",1975.1,2010,22239,3199
"783","FRANKSTON",1975.1,2009,22103,3199
"784","FRANKSTON",1975.1,2011,22301,3199
"785","FRANKSTON",1975.1,2014,22660,3199
"786","FRANKSTON",1975.1,2013,22532,3199
"787","FRANKSTON",1975.1,2008,21951,3199
"788","FRANKSTON",1975.1,2007,21697,3199
"789","FRANKSTON",1975.1,2015,22960,3199
"790","FRANKSTON",1975.1,2012,22377,3199
"791","FRANKSTON",1975.1,2006,21540,3199
"792","FRANKSTON",1975.1,2005,21540,3199
"793","FRANKSTON NORTH",1477.9,2011,19620,3200
"794","FRANKSTON NORTH",1477.9,2005,19255,3200
"795","FRANKSTON NORTH",1477.9,2006,19105,3200
"796","FRANKSTON NORTH",1477.9,2014,19590,3200
"797","FRANKSTON NORTH",1477.9,2009,19458,3200
"798","FRANKSTON NORTH",1477.9,2007,19160,3200
"799","FRANKSTON NORTH",1477.9,2010,19581,3200
"800","FRANKSTON NORTH",1477.9,2013,19488,3200
"801","FRANKSTON NORTH",1477.9,2015,19565,3200
"802","FRANKSTON NORTH",1477.9,2012,19672,3200
"803","FRANKSTON NORTH",1477.9,2008,19289,3200
"804","FRANKSTON SOUTH",1275.6,2006,17722,3199
"805","FRANKSTON SOUTH",1275.6,2008,17928,3199
"806","FRANKSTON SOUTH",1275.6,2015,18574,3199
"807","FRANKSTON SOUTH",1275.6,2009,18084,3199
"808","FRANKSTON SOUTH",1275.6,2010,18176,3199
"809","FRANKSTON SOUTH",1275.6,2013,18472,3199
"810","FRANKSTON SOUTH",1275.6,2005,17519,3199
"811","FRANKSTON SOUTH",1275.6,2011,18260,3199
"812","FRANKSTON SOUTH",1275.6,2012,18338,3199
"813","FRANKSTON SOUTH",1275.6,2014,18539,3199
"814","FRANKSTON SOUTH",1275.6,2007,17823,3199
"815","GEELONG",1011.2,2011,12422,3220
"816","GEELONG",1011.2,2013,12599,3220
"817","GEELONG",1011.2,2006,11996,3220
"818","GEELONG",1011.2,2010,12342,3220
"819","GEELONG",1011.2,2009,12237,3220
"820","GEELONG",1011.2,2012,12506,3220
"821","GEELONG",1011.2,2014,12703,3220
"822","GEELONG",1011.2,2008,12151,3220
"823","GEELONG",1011.2,2005,12027,3220
"824","GEELONG",1011.2,2007,12078,3220
"825","GEELONG",1011.2,2015,12819,3220
"826","GREENSBOROUGH",2094.9,2009,20963,3088
"827","GREENSBOROUGH",2094.9,2008,20909,3088
"828","GREENSBOROUGH",2094.9,2014,21085,3088
"829","GREENSBOROUGH",2094.9,2010,20995,3088
"830","GREENSBOROUGH",2094.9,2006,20717,3088
"831","GREENSBOROUGH",2094.9,2005,20656,3088
"832","GREENSBOROUGH",2094.9,2015,21152,3088
"833","GREENSBOROUGH",2094.9,2007,20828,3088
"834","GREENSBOROUGH",2094.9,2011,20987,3088
"835","GREENSBOROUGH",2094.9,2013,21002,3088
"836","GREENSBOROUGH",2094.9,2012,20940,3088
"837","GROVEDALE",399.4,2014,21288,3216
"838","GROVEDALE",399.4,2009,19198,3216
"839","GROVEDALE",399.4,2005,16867,3216
"840","GROVEDALE",399.4,2008,18699,3216
"841","GROVEDALE",399.4,2007,18117,3216
"842","GROVEDALE",399.4,2015,22238,3216
"843","GROVEDALE",399.4,2012,20377,3216
"844","GROVEDALE",399.4,2006,17529,3216
"845","GROVEDALE",399.4,2010,19692,3216
"846","GROVEDALE",399.4,2011,20136,3216
"847","GROVEDALE",399.4,2013,20874,3216
"848","HALLAM",1366.5,2005,9855,3803
"849","HALLAM",1366.5,2012,10790,3803
"850","HALLAM",1366.5,2010,10582,3803
"851","HALLAM",1366.5,2011,10628,3803
"852","HALLAM",1366.5,2006,9923,3803
"853","HALLAM",1366.5,2015,11008,3803
"854","HALLAM",1366.5,2013,10827,3803
"855","HALLAM",1366.5,2008,10228,3803
"856","HALLAM",1366.5,2014,10937,3803
"857","HALLAM",1366.5,2007,10038,3803
"858","HALLAM",1366.5,2009,10430,3803
"859","HAMPTON",3245.3,2014,18292,3188
"860","HAMPTON",3245.3,2013,18076,3188
"861","HAMPTON",3245.3,2008,17042,3188
"862","HAMPTON",3245.3,2009,17302,3188
"863","HAMPTON",3245.3,2012,17880,3188
"864","HAMPTON",3245.3,2005,16326,3188
"865","HAMPTON",3245.3,2007,16790,3188
"866","HAMPTON",3245.3,2010,17471,3188
"867","HAMPTON",3245.3,2006,16568,3188
"868","HAMPTON",3245.3,2015,18450,3188
"869","HAMPTON",3245.3,2011,17699,3188
"870","HAWTHORN",4232.6,2008,21091,3122
"871","HAWTHORN",4232.6,2014,23510,3122
"872","HAWTHORN",4232.6,2005,20326,3122
"873","HAWTHORN",4232.6,2015,24019,3122
"874","HAWTHORN",4232.6,2010,21721,3122
"875","HAWTHORN",4232.6,2011,22013,3122
"876","HAWTHORN",4232.6,2009,21470,3122
"877","HAWTHORN",4232.6,2007,20863,3122
"878","HAWTHORN",4232.6,2013,23157,3122
"879","HAWTHORN",4232.6,2006,20531,3122
"880","HAWTHORN",4232.6,2012,22315,3122
"881","HAWTHORN EAST",4129.4,2010,14369,3123
"882","HAWTHORN EAST",4129.4,2014,15034,3123
"883","HAWTHORN EAST",4129.4,2005,13505,3123
"884","HAWTHORN EAST",4129.4,2006,13626,3123
"885","HAWTHORN EAST",4129.4,2008,14022,3123
"886","HAWTHORN EAST",4129.4,2009,14241,3123
"887","HAWTHORN EAST",4129.4,2012,14519,3123
"888","HAWTHORN EAST",4129.4,2007,13835,3123
"889","HAWTHORN EAST",4129.4,2015,15795,3123
"890","HAWTHORN EAST",4129.4,2013,14604,3123
"891","HAWTHORN EAST",4129.4,2011,14417,3123
"892","HEIDELBERG WEST",2256.4,2009,13694,3081
"893","HEIDELBERG WEST",2256.4,2012,14207,3081
"894","HEIDELBERG WEST",2256.4,2014,14826,3081
"895","HEIDELBERG WEST",2256.4,2015,15098,3081
"896","HEIDELBERG WEST",2256.4,2013,14474,3081
"897","HEIDELBERG WEST",2256.4,2007,13385,3081
"898","HEIDELBERG WEST",2256.4,2011,13984,3081
"899","HEIDELBERG WEST",2256.4,2006,13271,3081
"900","HEIDELBERG WEST",2256.4,2005,13224,3081
"901","HEIDELBERG WEST",2256.4,2008,13480,3081
"902","HEIDELBERG WEST",2256.4,2010,13798,3081
"903","HIGHTON",542.1,2011,19834,3216
"904","HIGHTON",542.1,2014,21643,3216
"905","HIGHTON",542.1,2006,17726,3216
"906","HIGHTON",542.1,2013,20929,3216
"907","HIGHTON",542.1,2005,17313,3216
"908","HIGHTON",542.1,2008,18480,3216
"909","HIGHTON",542.1,2010,19449,3216
"910","HIGHTON",542.1,2007,18100,3216
"911","HIGHTON",542.1,2015,22051,3216
"912","HIGHTON",542.1,2012,20292,3216
"913","HIGHTON",542.1,2009,18991,3216
"914","HILLSIDE",283.8,2013,16788,3875
"915","HILLSIDE",283.8,2006,14034,3875
"916","HILLSIDE",283.8,2015,18887,3875
"917","HILLSIDE",283.8,2005,13302,3875
"918","HILLSIDE",283.8,2011,16180,3875
"919","HILLSIDE",283.8,2012,16347,3875
"920","HILLSIDE",283.8,2007,14579,3875
"921","HILLSIDE",283.8,2008,15111,3875
"922","HILLSIDE",283.8,2014,17698,3875
"923","HILLSIDE",283.8,2009,15579,3875
"924","HILLSIDE",283.8,2010,15901,3875
"925","HUGHESDALE",3908.6,2013,7634,3166
"926","HUGHESDALE",3908.6,2006,6764,3166
"927","HUGHESDALE",3908.6,2005,6636,3166
"928","HUGHESDALE",3908.6,2014,7732,3166
"929","HUGHESDALE",3908.6,2011,7384,3166
"930","HUGHESDALE",3908.6,2012,7523,3166
"931","HUGHESDALE",3908.6,2007,7045,3166
"932","HUGHESDALE",3908.6,2010,7485,3166
"933","HUGHESDALE",3908.6,2015,7855,3166
"934","HUGHESDALE",3908.6,2008,7253,3166
"935","HUGHESDALE",3908.6,2009,7465,3166
"936","HURSTBRIDGE",239.5,2010,3668,3099
"937","HURSTBRIDGE",239.5,2006,3665,3099
"938","HURSTBRIDGE",239.5,2014,3563,3099
"939","HURSTBRIDGE",239.5,2013,3600,3099
"940","HURSTBRIDGE",239.5,2015,3554,3099
"941","HURSTBRIDGE",239.5,2012,3626,3099
"942","HURSTBRIDGE",239.5,2008,3697,3099
"943","HURSTBRIDGE",239.5,2009,3675,3099
"944","HURSTBRIDGE",239.5,2011,3660,3099
"945","HURSTBRIDGE",239.5,2007,3662,3099
"946","HURSTBRIDGE",239.5,2005,3656,3099
"947","IVANHOE",2388.8,2011,11608,3079
"948","IVANHOE",2388.8,2010,11587,3079
"949","IVANHOE",2388.8,2007,10947,3079
"950","IVANHOE",2388.8,2014,11902,3079
"951","IVANHOE",2388.8,2009,11516,3079
"952","IVANHOE",2388.8,2012,11731,3079
"953","IVANHOE",2388.8,2008,11275,3079
"954","IVANHOE",2388.8,2006,10713,3079
"955","IVANHOE",2388.8,2005,10545,3079
"956","IVANHOE",2388.8,2015,12064,3079
"957","IVANHOE",2388.8,2013,11800,3079
"958","KEILOR",495.3,2015,8673,3036
"959","KEILOR",495.3,2011,8634,3036
"960","KEILOR",495.3,2013,8602,3036
"961","KEILOR",495.3,2008,8800,3036
"962","KEILOR",495.3,2005,9000,3036
"963","KEILOR",495.3,2014,8638,3036
"964","KEILOR",495.3,2006,8937,3036
"965","KEILOR",495.3,2009,8767,3036
"966","KEILOR",495.3,2007,8836,3036
"967","KEILOR",495.3,2010,8678,3036
"968","KEILOR",495.3,2012,8578,3036
"969","KEILOR DOWNS",1805.4,2008,14335,3038
"970","KEILOR DOWNS",1805.4,2009,14281,3038
"971","KEILOR DOWNS",1805.4,2011,14192,3038
"972","KEILOR DOWNS",1805.4,2007,14406,3038
"973","KEILOR DOWNS",1805.4,2010,14232,3038
"974","KEILOR DOWNS",1805.4,2005,14697,3038
"975","KEILOR DOWNS",1805.4,2013,13892,3038
"976","KEILOR DOWNS",1805.4,2015,13829,3038
"977","KEILOR DOWNS",1805.4,2012,14059,3038
"978","KEILOR DOWNS",1805.4,2014,13889,3038
"979","KEILOR DOWNS",1805.4,2006,14543,3038
"980","KEILOR EAST",2485.6,2011,25394,3033
"981","KEILOR EAST",2485.6,2013,26021,3033
"982","KEILOR EAST",2485.6,2006,24945,3033
"983","KEILOR EAST",2485.6,2015,27073,3033
"984","KEILOR EAST",2485.6,2008,25146,3033
"985","KEILOR EAST",2485.6,2010,25344,3033
"986","KEILOR EAST",2485.6,2012,25669,3033
"987","KEILOR EAST",2485.6,2009,25269,3033
"988","KEILOR EAST",2485.6,2014,26550,3033
"989","KEILOR EAST",2485.6,2005,24954,3033
"990","KEILOR EAST",2485.6,2007,25026,3033
"991","KENSINGTON",5124.4,2010,10230,3031
"992","KENSINGTON",5124.4,2008,9828,3031
"993","KENSINGTON",5124.4,2015,11002,3031
"994","KENSINGTON",5124.4,2011,10259,3031
"995","KENSINGTON",5124.4,2009,10158,3031
"996","KENSINGTON",5124.4,2007,9481,3031
"997","KENSINGTON",5124.4,2005,8830,3031
"998","KENSINGTON",5124.4,2012,10456,3031
"999","KENSINGTON",5124.4,2013,10592,3031
"1000","KENSINGTON",5124.4,2014,10821,3031
"1001","KENSINGTON",5124.4,2006,9013,3031
"1002","KEW",2468.1,2008,24371,3101
"1003","KEW",2468.1,2010,24757,3101
"1004","KEW",2468.1,2014,25785,3101
"1005","KEW",2468.1,2006,23583,3101
"1006","KEW",2468.1,2007,23790,3101
"1007","KEW",2468.1,2015,25997,3101
"1008","KEW",2468.1,2013,25234,3101
"1009","KEW",2468.1,2009,24660,3101
"1010","KEW",2468.1,2011,24856,3101
"1011","KEW",2468.1,2005,23596,3101
"1012","KEW",2468.1,2012,25065,3101
"1013","KEW EAST",1642.3,2006,6239,3102
"1014","KEW EAST",1642.3,2010,6519,3102
"1015","KEW EAST",1642.3,2011,6552,3102
"1016","KEW EAST",1642.3,2012,6536,3102
"1017","KEW EAST",1642.3,2014,6588,3102
"1018","KEW EAST",1642.3,2015,6595,3102
"1019","KEW EAST",1642.3,2009,6484,3102
"1020","KEW EAST",1642.3,2007,6305,3102
"1021","KEW EAST",1642.3,2013,6553,3102
"1022","KEW EAST",1642.3,2005,6201,3102
"1023","KEW EAST",1642.3,2008,6407,3102
"1024","KEYSBOROUGH",810,2008,19777,3173
"1025","KEYSBOROUGH",810,2012,21504,3173
"1026","KEYSBOROUGH",810,2013,22507,3173
"1027","KEYSBOROUGH",810,2011,20848,3173
"1028","KEYSBOROUGH",810,2010,20479,3173
"1029","KEYSBOROUGH",810,2014,23319,3173
"1030","KEYSBOROUGH",810,2009,20489,3173
"1031","KEYSBOROUGH",810,2006,18050,3173
"1032","KEYSBOROUGH",810,2015,24526,3173
"1033","KEYSBOROUGH",810,2005,17335,3173
"1034","KEYSBOROUGH",810,2007,18929,3173
"1035","KILSYTH",1093.6,2008,8668,3137
"1036","KILSYTH",1093.6,2011,8773,3137
"1037","KILSYTH",1093.6,2009,8737,3137
"1038","KILSYTH",1093.6,2014,8961,3137
"1039","KILSYTH",1093.6,2015,9014,3137
"1040","KILSYTH",1093.6,2013,8944,3137
"1041","KILSYTH",1093.6,2012,8949,3137
"1042","KILSYTH",1093.6,2007,8625,3137
"1043","KILSYTH",1093.6,2010,8768,3137
"1044","KILSYTH",1093.6,2006,8602,3137
"1045","KILSYTH",1093.6,2005,8576,3137
"1046","KINGSBURY",1271.6,2005,7986,3083
"1047","KINGSBURY",1271.6,2006,8561,3083
"1048","KINGSBURY",1271.6,2014,11281,3083
"1049","KINGSBURY",1271.6,2012,11028,3083
"1050","KINGSBURY",1271.6,2011,10821,3083
"1051","KINGSBURY",1271.6,2008,9858,3083
"1052","KINGSBURY",1271.6,2015,11456,3083
"1053","KINGSBURY",1271.6,2013,11187,3083
"1054","KINGSBURY",1271.6,2010,10649,3083
"1055","KINGSBURY",1271.6,2007,9323,3083
"1056","KINGSBURY",1271.6,2009,10419,3083
"1057","LALOR",1921.7,2008,20345,3075
"1058","LALOR",1921.7,2006,20172,3075
"1059","LALOR",1921.7,2005,20349,3075
"1060","LALOR",1921.7,2009,20527,3075
"1061","LALOR",1921.7,2013,21959,3075
"1062","LALOR",1921.7,2010,20677,3075
"1063","LALOR",1921.7,2012,21291,3075
"1064","LALOR",1921.7,2014,22548,3075
"1065","LALOR",1921.7,2007,20182,3075
"1066","LALOR",1921.7,2011,20782,3075
"1067","LALOR",1921.7,2015,23184,3075
"1068","LANGWARRIN",628.3,2012,23209,3910
"1069","LANGWARRIN",628.3,2011,23163,3910
"1070","LANGWARRIN",628.3,2006,21236,3910
"1071","LANGWARRIN",628.3,2015,23635,3910
"1072","LANGWARRIN",628.3,2013,23288,3910
"1073","LANGWARRIN",628.3,2010,23095,3910
"1074","LANGWARRIN",628.3,2007,21638,3910
"1075","LANGWARRIN",628.3,2008,22222,3910
"1076","LANGWARRIN",628.3,2014,23490,3910
"1077","LANGWARRIN",628.3,2009,22770,3910
"1078","LANGWARRIN",628.3,2005,21036,3910
"1079","LAVERTON",350,2008,4665,3028
"1080","LAVERTON",350,2012,6138,3028
"1081","LAVERTON",350,2009,4830,3028
"1082","LAVERTON",350,2014,7096,3028
"1083","LAVERTON",350,2010,5130,3028
"1084","LAVERTON",350,2007,4571,3028
"1085","LAVERTON",350,2006,4551,3028
"1086","LAVERTON",350,2011,5587,3028
"1087","LAVERTON",350,2005,4553,3028
"1088","LAVERTON",350,2013,6469,3028
"1089","LAVERTON",350,2015,7785,3028
"1090","LYSTERFIELD",372.6,2015,6891,3156
"1091","LYSTERFIELD",372.6,2014,6878,3156
"1092","LYSTERFIELD",372.6,2010,6796,3156
"1093","LYSTERFIELD",372.6,2007,6380,3156
"1094","LYSTERFIELD",372.6,2009,6695,3156
"1095","LYSTERFIELD",372.6,2012,6854,3156
"1096","LYSTERFIELD",372.6,2008,6492,3156
"1097","LYSTERFIELD",372.6,2011,6807,3156
"1098","LYSTERFIELD",372.6,2013,6868,3156
"1099","LYSTERFIELD",372.6,2006,6198,3156
"1100","LYSTERFIELD",372.6,2005,6090,3156
"1101","MAIDEN GULLY",117.2,2011,4428,3551
"1102","MAIDEN GULLY",117.2,2009,3957,3551
"1103","MAIDEN GULLY",117.2,2010,4158,3551
"1104","MAIDEN GULLY",117.2,2008,3817,3551
"1105","MAIDEN GULLY",117.2,2015,5039,3551
"1106","MAIDEN GULLY",117.2,2012,4615,3551
"1107","MAIDEN GULLY",117.2,2013,4796,3551
"1108","MAIDEN GULLY",117.2,2006,3514,3551
"1109","MAIDEN GULLY",117.2,2007,3703,3551
"1110","MAIDEN GULLY",117.2,2014,4933,3551
"1111","MAIDEN GULLY",117.2,2005,3355,3551
"1112","MALVERN EAST",2890,2006,20308,3145
"1113","MALVERN EAST",2890,2011,20989,3145
"1114","MALVERN EAST",2890,2007,20608,3145
"1115","MALVERN EAST",2890,2009,20964,3145
"1116","MALVERN EAST",2890,2015,21871,3145
"1117","MALVERN EAST",2890,2005,20004,3145
"1118","MALVERN EAST",2890,2013,21356,3145
"1119","MALVERN EAST",2890,2010,20975,3145
"1120","MALVERN EAST",2890,2012,21208,3145
"1121","MALVERN EAST",2890,2014,21680,3145
"1122","MALVERN EAST",2890,2008,20848,3145
"1123","MARIBYRNONG",2283.9,2014,12065,3634
"1124","MARIBYRNONG",2283.9,2009,10125,3634
"1125","MARIBYRNONG",2283.9,2007,9204,3634
"1126","MARIBYRNONG",2283.9,2013,11651,3634
"1127","MARIBYRNONG",2283.9,2005,8026,3634
"1128","MARIBYRNONG",2283.9,2015,12550,3634
"1129","MARIBYRNONG",2283.9,2011,10671,3634
"1130","MARIBYRNONG",2283.9,2010,10510,3634
"1131","MARIBYRNONG",2283.9,2008,9736,3634
"1132","MARIBYRNONG",2283.9,2006,8550,3634
"1133","MARIBYRNONG",2283.9,2012,11168,3634
"1134","MEADOW HEIGHTS",3403.2,2014,15854,3048
"1135","MEADOW HEIGHTS",3403.2,2011,15767,3048
"1136","MEADOW HEIGHTS",3403.2,2005,15213,3048
"1137","MEADOW HEIGHTS",3403.2,2009,15692,3048
"1138","MEADOW HEIGHTS",3403.2,2007,15405,3048
"1139","MEADOW HEIGHTS",3403.2,2013,15816,3048
"1140","MEADOW HEIGHTS",3403.2,2008,15580,3048
"1141","MEADOW HEIGHTS",3403.2,2012,15689,3048
"1142","MEADOW HEIGHTS",3403.2,2015,15741,3048
"1143","MEADOW HEIGHTS",3403.2,2010,15759,3048
"1144","MEADOW HEIGHTS",3403.2,2006,15167,3048
"1145","MELBOURNE",14114.8,2014,30868,3000
"1146","MELBOURNE",14114.8,2008,17325,3000
"1147","MELBOURNE",14114.8,2012,23899,3000
"1148","MELBOURNE",14114.8,2006,15249,3000
"1149","MELBOURNE",14114.8,2005,14292,3000
"1150","MELBOURNE",14114.8,2010,20382,3000
"1151","MELBOURNE",14114.8,2015,33433,3000
"1152","MELBOURNE",14114.8,2009,18751,3000
"1153","MELBOURNE",14114.8,2007,16225,3000
"1154","MELBOURNE",14114.8,2013,29293,3000
"1155","MELBOURNE",14114.8,2011,21815,3000
"1156","MELBOURNE AIRPORT",5.2,2010,149,3045
"1157","MELBOURNE AIRPORT",5.2,2014,158,3045
"1158","MELBOURNE AIRPORT",5.2,2013,158,3045
"1159","MELBOURNE AIRPORT",5.2,2006,133,3045
"1160","MELBOURNE AIRPORT",5.2,2005,137,3045
"1161","MELBOURNE AIRPORT",5.2,2012,158,3045
"1162","MELBOURNE AIRPORT",5.2,2008,141,3045
"1163","MELBOURNE AIRPORT",5.2,2009,144,3045
"1164","MELBOURNE AIRPORT",5.2,2015,158,3045
"1165","MELBOURNE AIRPORT",5.2,2007,138,3045
"1166","MELBOURNE AIRPORT",5.2,2011,158,3045
"1167","MENTONE",2971.5,2013,12713,3194
"1168","MENTONE",2971.5,2014,12957,3194
"1169","MENTONE",2971.5,2006,11571,3194
"1170","MENTONE",2971.5,2008,11728,3194
"1171","MENTONE",2971.5,2015,13222,3194
"1172","MENTONE",2971.5,2010,12046,3194
"1173","MENTONE",2971.5,2005,11524,3194
"1174","MENTONE",2971.5,2012,12548,3194
"1175","MENTONE",2971.5,2007,11682,3194
"1176","MENTONE",2971.5,2011,12224,3194
"1177","MENTONE",2971.5,2009,11936,3194
"1178","MONTROSE",667.7,2007,6772,3765
"1179","MONTROSE",667.7,2010,6955,3765
"1180","MONTROSE",667.7,2009,6921,3765
"1181","MONTROSE",667.7,2015,7040,3765
"1182","MONTROSE",667.7,2005,6738,3765
"1183","MONTROSE",667.7,2011,6966,3765
"1184","MONTROSE",667.7,2014,7023,3765
"1185","MONTROSE",667.7,2006,6739,3765
"1186","MONTROSE",667.7,2008,6830,3765
"1187","MONTROSE",667.7,2013,7048,3765
"1188","MONTROSE",667.7,2012,6991,3765
"1189","MOONEE PONDS",3394.4,2012,14397,3039
"1190","MOONEE PONDS",3394.4,2006,13123,3039
"1191","MOONEE PONDS",3394.4,2011,14168,3039
"1192","MOONEE PONDS",3394.4,2009,14014,3039
"1193","MOONEE PONDS",3394.4,2010,14164,3039
"1194","MOONEE PONDS",3394.4,2008,13618,3039
"1195","MOONEE PONDS",3394.4,2005,12971,3039
"1196","MOONEE PONDS",3394.4,2013,14582,3039
"1197","MOONEE PONDS",3394.4,2007,13287,3039
"1198","MOONEE PONDS",3394.4,2014,14705,3039
"1199","MOONEE PONDS",3394.4,2015,14784,3039
"1200","MOOROOLBARK",1774.2,2005,19690,3138
"1201","MOOROOLBARK",1774.2,2013,21600,3138
"1202","MOOROOLBARK",1774.2,2015,22255,3138
"1203","MOOROOLBARK",1774.2,2010,21073,3138
"1204","MOOROOLBARK",1774.2,2006,19863,3138
"1205","MOOROOLBARK",1774.2,2012,21393,3138
"1206","MOOROOLBARK",1774.2,2009,20870,3138
"1207","MOOROOLBARK",1774.2,2011,21321,3138
"1208","MOOROOLBARK",1774.2,2014,22011,3138
"1209","MOOROOLBARK",1774.2,2008,20506,3138
"1210","MOOROOLBARK",1774.2,2007,20181,3138
"1211","MORNINGTON",1155.6,2011,23224,3931
"1212","MORNINGTON",1155.6,2013,23812,3931
"1213","MORNINGTON",1155.6,2014,24089,3931
"1214","MORNINGTON",1155.6,2006,21497,3931
"1215","MORNINGTON",1155.6,2009,22854,3931
"1216","MORNINGTON",1155.6,2007,21966,3931
"1217","MORNINGTON",1155.6,2010,23164,3931
"1218","MORNINGTON",1155.6,2005,21151,3931
"1219","MORNINGTON",1155.6,2015,24372,3931
"1220","MORNINGTON",1155.6,2012,23480,3931
"1221","MORNINGTON",1155.6,2008,22460,3931
"1222","MOUNT ELIZA",788.8,2011,17942,3930
"1223","MOUNT ELIZA",788.8,2014,18304,3930
"1224","MOUNT ELIZA",788.8,2006,17094,3930
"1225","MOUNT ELIZA",788.8,2012,18074,3930
"1226","MOUNT ELIZA",788.8,2005,17102,3930
"1227","MOUNT ELIZA",788.8,2008,17370,3930
"1228","MOUNT ELIZA",788.8,2013,18177,3930
"1229","MOUNT ELIZA",788.8,2010,17824,3930
"1230","MOUNT ELIZA",788.8,2009,17626,3930
"1231","MOUNT ELIZA",788.8,2015,18307,3930
"1232","MOUNT ELIZA",788.8,2007,17227,3930
"1233","MOUNT EVELYN",567.9,2005,9357,3796
"1234","MOUNT EVELYN",567.9,2012,9616,3796
"1235","MOUNT EVELYN",567.9,2013,9607,3796
"1236","MOUNT EVELYN",567.9,2014,9573,3796
"1237","MOUNT EVELYN",567.9,2007,9427,3796
"1238","MOUNT EVELYN",567.9,2008,9466,3796
"1239","MOUNT EVELYN",567.9,2011,9615,3796
"1240","MOUNT EVELYN",567.9,2010,9597,3796
"1241","MOUNT EVELYN",567.9,2009,9561,3796
"1242","MOUNT EVELYN",567.9,2006,9395,3796
"1243","MOUNT EVELYN",567.9,2015,9649,3796
"1244","MOUNT MARTHA",633.7,2011,17581,3934
"1245","MOUNT MARTHA",633.7,2009,16869,3934
"1246","MOUNT MARTHA",633.7,2006,15245,3934
"1247","MOUNT MARTHA",633.7,2008,16332,3934
"1248","MOUNT MARTHA",633.7,2010,17332,3934
"1249","MOUNT MARTHA",633.7,2013,18495,3934
"1250","MOUNT MARTHA",633.7,2012,18152,3934
"1251","MOUNT MARTHA",633.7,2015,19132,3934
"1252","MOUNT MARTHA",633.7,2007,15805,3934
"1253","MOUNT MARTHA",633.7,2014,18937,3934
"1254","MOUNT MARTHA",633.7,2005,14781,3934
"1255","MULGRAVE",1837.1,2014,19553,3170
"1256","MULGRAVE",1837.1,2006,16866,3170
"1257","MULGRAVE",1837.1,2005,16747,3170
"1258","MULGRAVE",1837.1,2010,18296,3170
"1259","MULGRAVE",1837.1,2011,18517,3170
"1260","MULGRAVE",1837.1,2008,17641,3170
"1261","MULGRAVE",1837.1,2012,18869,3170
"1262","MULGRAVE",1837.1,2015,19697,3170
"1263","MULGRAVE",1837.1,2013,19303,3170
"1264","MULGRAVE",1837.1,2009,18028,3170
"1265","MULGRAVE",1837.1,2007,17227,3170
"1266","MURRUMBEENA",3809.9,2014,9404,3163
"1267","MURRUMBEENA",3809.9,2011,8983,3163
"1268","MURRUMBEENA",3809.9,2009,8977,3163
"1269","MURRUMBEENA",3809.9,2010,8990,3163
"1270","MURRUMBEENA",3809.9,2006,8548,3163
"1271","MURRUMBEENA",3809.9,2012,9124,3163
"1272","MURRUMBEENA",3809.9,2013,9244,3163
"1273","MURRUMBEENA",3809.9,2008,8896,3163
"1274","MURRUMBEENA",3809.9,2005,8387,3163
"1275","MURRUMBEENA",3809.9,2007,8744,3163
"1276","MURRUMBEENA",3809.9,2015,9581,3163
"1277","NARRE WARREN",1920,2010,26950,3805
"1278","NARRE WARREN",1920,2008,26742,3805
"1279","NARRE WARREN",1920,2011,26954,3805
"1280","NARRE WARREN",1920,2009,26869,3805
"1281","NARRE WARREN",1920,2015,27220,3805
"1282","NARRE WARREN",1920,2013,27144,3805
"1283","NARRE WARREN",1920,2006,26370,3805
"1284","NARRE WARREN",1920,2007,26556,3805
"1285","NARRE WARREN",1920,2012,27004,3805
"1286","NARRE WARREN",1920,2014,27333,3805
"1287","NARRE WARREN",1920,2005,26272,3805
"1288","NARRE WARREN NORTH",223.7,2008,6695,3804
"1289","NARRE WARREN NORTH",223.7,2014,7584,3804
"1290","NARRE WARREN NORTH",223.7,2011,7216,3804
"1291","NARRE WARREN NORTH",223.7,2006,6388,3804
"1292","NARRE WARREN NORTH",223.7,2013,7415,3804
"1293","NARRE WARREN NORTH",223.7,2009,6963,3804
"1294","NARRE WARREN NORTH",223.7,2012,7325,3804
"1295","NARRE WARREN NORTH",223.7,2010,7096,3804
"1296","NARRE WARREN NORTH",223.7,2005,6279,3804
"1297","NARRE WARREN NORTH",223.7,2015,7691,3804
"1298","NARRE WARREN NORTH",223.7,2007,6493,3804
"1299","NARRE WARREN SOUTH",2317.4,2005,24494,3805
"1300","NARRE WARREN SOUTH",2317.4,2015,30134,3805
"1301","NARRE WARREN SOUTH",2317.4,2010,29557,3805
"1302","NARRE WARREN SOUTH",2317.4,2006,26160,3805
"1303","NARRE WARREN SOUTH",2317.4,2008,28563,3805
"1304","NARRE WARREN SOUTH",2317.4,2007,27524,3805
"1305","NARRE WARREN SOUTH",2317.4,2014,30069,3805
"1306","NARRE WARREN SOUTH",2317.4,2009,29233,3805
"1307","NARRE WARREN SOUTH",2317.4,2011,29640,3805
"1308","NARRE WARREN SOUTH",2317.4,2013,30019,3805
"1309","NARRE WARREN SOUTH",2317.4,2012,29920,3805
"1310","NEWPORT",2062.8,2013,17435,3015
"1311","NEWPORT",2062.8,2015,18235,3015
"1312","NEWPORT",2062.8,2008,16182,3015
"1313","NEWPORT",2062.8,2006,15474,3015
"1314","NEWPORT",2062.8,2009,16493,3015
"1315","NEWPORT",2062.8,2010,16670,3015
"1316","NEWPORT",2062.8,2012,17128,3015
"1317","NEWPORT",2062.8,2011,16798,3015
"1318","NEWPORT",2062.8,2014,17821,3015
"1319","NEWPORT",2062.8,2007,15864,3015
"1320","NEWPORT",2062.8,2005,15186,3015
"1321","NOBLE PARK",3678,2010,29307,3174
"1322","NOBLE PARK",3678,2008,28090,3174
"1323","NOBLE PARK",3678,2009,28905,3174
"1324","NOBLE PARK",3678,2013,30408,3174
"1325","NOBLE PARK",3678,2014,31040,3174
"1326","NOBLE PARK",3678,2011,29804,3174
"1327","NOBLE PARK",3678,2015,31489,3174
"1328","NOBLE PARK",3678,2005,26609,3174
"1329","NOBLE PARK",3678,2006,27024,3174
"1330","NOBLE PARK",3678,2007,27593,3174
"1331","NOBLE PARK",3678,2012,30123,3174
"1332","NOBLE PARK NORTH",2091.4,2008,7764,3174
"1333","NOBLE PARK NORTH",2091.4,2006,7804,3174
"1334","NOBLE PARK NORTH",2091.4,2012,7763,3174
"1335","NOBLE PARK NORTH",2091.4,2015,7859,3174
"1336","NOBLE PARK NORTH",2091.4,2007,7769,3174
"1337","NOBLE PARK NORTH",2091.4,2009,7802,3174
"1338","NOBLE PARK NORTH",2091.4,2014,7792,3174
"1339","NOBLE PARK NORTH",2091.4,2005,7861,3174
"1340","NOBLE PARK NORTH",2091.4,2010,7762,3174
"1341","NOBLE PARK NORTH",2091.4,2011,7753,3174
"1342","NOBLE PARK NORTH",2091.4,2013,7733,3174
"1343","NORTH MELBOURNE",6121.2,2012,17145,3051
"1344","NORTH MELBOURNE",6121.2,2014,18842,3051
"1345","NORTH MELBOURNE",6121.2,2010,15875,3051
"1346","NORTH MELBOURNE",6121.2,2008,14812,3051
"1347","NORTH MELBOURNE",6121.2,2005,13278,3051
"1348","NORTH MELBOURNE",6121.2,2006,13714,3051
"1349","NORTH MELBOURNE",6121.2,2009,15409,3051
"1350","NORTH MELBOURNE",6121.2,2011,16361,3051
"1351","NORTH MELBOURNE",6121.2,2013,18092,3051
"1352","NORTH MELBOURNE",6121.2,2015,19893,3051
"1353","NORTH MELBOURNE",6121.2,2007,14277,3051
"1354","NORTHCOTE",4219.6,2009,23821,3070
"1355","NORTHCOTE",4219.6,2012,24359,3070
"1356","NORTHCOTE",4219.6,2006,22220,3070
"1357","NORTHCOTE",4219.6,2010,24070,3070
"1358","NORTHCOTE",4219.6,2007,22726,3070
"1359","NORTHCOTE",4219.6,2008,23282,3070
"1360","NORTHCOTE",4219.6,2005,21817,3070
"1361","NORTHCOTE",4219.6,2015,25930,3070
"1362","NORTHCOTE",4219.6,2011,24152,3070
"1363","NORTHCOTE",4219.6,2014,25520,3070
"1364","NORTHCOTE",4219.6,2013,24951,3070
"1365","NUNAWADING",2348.3,2005,10466,3131
"1366","NUNAWADING",2348.3,2011,11382,3131
"1367","NUNAWADING",2348.3,2009,11200,3131
"1368","NUNAWADING",2348.3,2010,11276,3131
"1369","NUNAWADING",2348.3,2008,10985,3131
"1370","NUNAWADING",2348.3,2006,10553,3131
"1371","NUNAWADING",2348.3,2012,11532,3131
"1372","NUNAWADING",2348.3,2013,11649,3131
"1373","NUNAWADING",2348.3,2015,11925,3131
"1374","NUNAWADING",2348.3,2014,11737,3131
"1375","NUNAWADING",2348.3,2007,10846,3131
"1376","PARKVILLE",1820.8,2010,6482,3052
"1377","PARKVILLE",1820.8,2012,6696,3052
"1378","PARKVILLE",1820.8,2015,7372,3052
"1379","PARKVILLE",1820.8,2008,6000,3052
"1380","PARKVILLE",1820.8,2006,5270,3052
"1381","PARKVILLE",1820.8,2007,5649,3052
"1382","PARKVILLE",1820.8,2011,6551,3052
"1383","PARKVILLE",1820.8,2014,7219,3052
"1384","PARKVILLE",1820.8,2013,7018,3052
"1385","PARKVILLE",1820.8,2005,5157,3052
"1386","PARKVILLE",1820.8,2009,6331,3052
"1387","PASCOE VALE",3352.1,2013,22357,3044
"1388","PASCOE VALE",3352.1,2014,22894,3044
"1389","PASCOE VALE",3352.1,2008,20311,3044
"1390","PASCOE VALE",3352.1,2009,20887,3044
"1391","PASCOE VALE",3352.1,2012,21969,3044
"1392","PASCOE VALE",3352.1,2015,23410,3044
"1393","PASCOE VALE",3352.1,2006,19436,3044
"1394","PASCOE VALE",3352.1,2010,21298,3044
"1395","PASCOE VALE",3352.1,2007,19927,3044
"1396","PASCOE VALE",3352.1,2011,21506,3044
"1397","PASCOE VALE",3352.1,2005,19153,3044
"1398","PASCOE VALE SOUTH",3419.6,2012,9958,3044
"1399","PASCOE VALE SOUTH",3419.6,2009,9678,3044
"1400","PASCOE VALE SOUTH",3419.6,2007,9318,3044
"1401","PASCOE VALE SOUTH",3419.6,2005,9070,3044
"1402","PASCOE VALE SOUTH",3419.6,2008,9445,3044
"1403","PASCOE VALE SOUTH",3419.6,2006,9206,3044
"1404","PASCOE VALE SOUTH",3419.6,2014,10107,3044
"1405","PASCOE VALE SOUTH",3419.6,2015,10224,3044
"1406","PASCOE VALE SOUTH",3419.6,2013,10046,3044
"1407","PASCOE VALE SOUTH",3419.6,2011,9860,3044
"1408","PASCOE VALE SOUTH",3419.6,2010,9810,3044
"1409","POINT COOK",1277.6,2005,11588,3030
"1410","POINT COOK",1277.6,2006,14540,3030
"1411","POINT COOK",1277.6,2015,47207,3030
"1412","POINT COOK",1277.6,2012,37240,3030
"1413","POINT COOK",1277.6,2007,17606,3030
"1414","POINT COOK",1277.6,2010,29093,3030
"1415","POINT COOK",1277.6,2011,33362,3030
"1416","POINT COOK",1277.6,2009,24747,3030
"1417","POINT COOK",1277.6,2014,43976,3030
"1418","POINT COOK",1277.6,2013,40443,3030
"1419","POINT COOK",1277.6,2008,21040,3030
"1420","PORT MELBOURNE",6098.6,2008,14958,3207
"1421","PORT MELBOURNE",6098.6,2007,14577,3207
"1422","PORT MELBOURNE",6098.6,2012,15995,3207
"1423","PORT MELBOURNE",6098.6,2010,15363,3207
"1424","PORT MELBOURNE",6098.6,2009,15315,3207
"1425","PORT MELBOURNE",6098.6,2014,16760,3207
"1426","PORT MELBOURNE",6098.6,2005,13543,3207
"1427","PORT MELBOURNE",6098.6,2006,14049,3207
"1428","PORT MELBOURNE",6098.6,2015,16967,3207
"1429","PORT MELBOURNE",6098.6,2013,16554,3207
"1430","PORT MELBOURNE",6098.6,2011,15413,3207
"1431","PRESTON",2946.1,2005,28418,3072
"1432","PRESTON",2946.1,2014,32629,3072
"1433","PRESTON",2946.1,2011,31400,3072
"1434","PRESTON",2946.1,2006,28716,3072
"1435","PRESTON",2946.1,2007,29150,3072
"1436","PRESTON",2946.1,2008,29834,3072
"1437","PRESTON",2946.1,2010,30888,3072
"1438","PRESTON",2946.1,2009,30502,3072
"1439","PRESTON",2946.1,2013,32053,3072
"1440","PRESTON",2946.1,2012,31697,3072
"1441","PRESTON",2946.1,2015,33328,3072
"1442","RINGWOOD",1744.4,2008,15701,3134
"1443","RINGWOOD",1744.4,2015,17298,3134
"1444","RINGWOOD",1744.4,2013,17025,3134
"1445","RINGWOOD",1744.4,2014,17224,3134
"1446","RINGWOOD",1744.4,2007,15411,3134
"1447","RINGWOOD",1744.4,2005,15211,3134
"1448","RINGWOOD",1744.4,2009,16175,3134
"1449","RINGWOOD",1744.4,2010,16410,3134
"1450","RINGWOOD",1744.4,2011,16594,3134
"1451","RINGWOOD",1744.4,2006,15222,3134
"1452","RINGWOOD",1744.4,2012,16776,3134
"1453","RINGWOOD EAST",2212.4,2012,19869,3135
"1454","RINGWOOD EAST",2212.4,2015,20782,3135
"1455","RINGWOOD EAST",2212.4,2006,18532,3135
"1456","RINGWOOD EAST",2212.4,2007,18846,3135
"1457","RINGWOOD EAST",2212.4,2010,19454,3135
"1458","RINGWOOD EAST",2212.4,2014,20408,3135
"1459","RINGWOOD EAST",2212.4,2005,18470,3135
"1460","RINGWOOD EAST",2212.4,2013,19998,3135
"1461","RINGWOOD EAST",2212.4,2009,19378,3135
"1462","RINGWOOD EAST",2212.4,2008,19067,3135
"1463","RINGWOOD EAST",2212.4,2011,19670,3135
"1464","RINGWOOD NORTH",2071.7,2013,9726,3134
"1465","RINGWOOD NORTH",2071.7,2007,9569,3134
"1466","RINGWOOD NORTH",2071.7,2014,9863,3134
"1467","RINGWOOD NORTH",2071.7,2010,9660,3134
"1468","RINGWOOD NORTH",2071.7,2012,9688,3134
"1469","RINGWOOD NORTH",2071.7,2015,9801,3134
"1470","RINGWOOD NORTH",2071.7,2005,9530,3134
"1471","RINGWOOD NORTH",2071.7,2009,9637,3134
"1472","RINGWOOD NORTH",2071.7,2006,9541,3134
"1473","RINGWOOD NORTH",2071.7,2008,9599,3134
"1474","RINGWOOD NORTH",2071.7,2011,9658,3134
"1475","SEABROOK",3236.6,2007,5175,3028
"1476","SEABROOK",3236.6,2013,5171,3028
"1477","SEABROOK",3236.6,2008,5192,3028
"1478","SEABROOK",3236.6,2015,5243,3028
"1479","SEABROOK",3236.6,2010,5218,3028
"1480","SEABROOK",3236.6,2006,5156,3028
"1481","SEABROOK",3236.6,2009,5201,3028
"1482","SEABROOK",3236.6,2011,5219,3028
"1483","SEABROOK",3236.6,2005,5124,3028
"1484","SEABROOK",3236.6,2014,5207,3028
"1485","SEABROOK",3236.6,2012,5206,3028
"1486","SOMERVILLE",153,2006,17184,3912
"1487","SOMERVILLE",153,2008,17553,3912
"1488","SOMERVILLE",153,2007,17266,3912
"1489","SOMERVILLE",153,2012,17908,3912
"1490","SOMERVILLE",153,2013,17841,3912
"1491","SOMERVILLE",153,2011,17907,3912
"1492","SOMERVILLE",153,2014,17945,3912
"1493","SOMERVILLE",153,2010,17948,3912
"1494","SOMERVILLE",153,2009,17900,3912
"1495","SOMERVILLE",153,2015,17951,3912
"1496","SOMERVILLE",153,2005,17061,3912
"1497","SOUTH MELBOURNE",5072.1,2014,12227,3205
"1498","SOUTH MELBOURNE",5072.1,2012,11243,3205
"1499","SOUTH MELBOURNE",5072.1,2007,9963,3205
"1500","SOUTH MELBOURNE",5072.1,2013,11688,3205
"1501","SOUTH MELBOURNE",5072.1,2006,9719,3205
"1502","SOUTH MELBOURNE",5072.1,2011,10396,3205
"1503","SOUTH MELBOURNE",5072.1,2010,10400,3205
"1504","SOUTH MELBOURNE",5072.1,2015,12660,3205
"1505","SOUTH MELBOURNE",5072.1,2009,10343,3205
"1506","SOUTH MELBOURNE",5072.1,2008,10126,3205
"1507","SOUTH MELBOURNE",5072.1,2005,9532,3205
"1508","SOUTH MORANG",992.9,2010,34005,3752
"1509","SOUTH MORANG",992.9,2012,45284,3752
"1510","SOUTH MORANG",992.9,2009,27880,3752
"1511","SOUTH MORANG",992.9,2011,39119,3752
"1512","SOUTH MORANG",992.9,2007,19276,3752
"1513","SOUTH MORANG",992.9,2005,14066,3752
"1514","SOUTH MORANG",992.9,2015,59314,3752
"1515","SOUTH MORANG",992.9,2006,16089,3752
"1516","SOUTH MORANG",992.9,2014,55150,3752
"1517","SOUTH MORANG",992.9,2008,22982,3752
"1518","SOUTH MORANG",992.9,2013,50921,3752
"1519","SOUTHBANK",5923.7,2008,11408,3006
"1520","SOUTHBANK",5923.7,2009,11931,3006
"1521","SOUTHBANK",5923.7,2007,10697,3006
"1522","SOUTHBANK",5923.7,2014,16850,3006
"1523","SOUTHBANK",5923.7,2010,12130,3006
"1524","SOUTHBANK",5923.7,2011,12174,3006
"1525","SOUTHBANK",5923.7,2006,9863,3006
"1526","SOUTHBANK",5923.7,2015,18192,3006
"1527","SOUTHBANK",5923.7,2012,13576,3006
"1528","SOUTHBANK",5923.7,2013,15621,3006
"1529","SOUTHBANK",5923.7,2005,9097,3006
"1530","SPRINGVALE",1973.6,2007,19245,3171
"1531","SPRINGVALE",1973.6,2013,20922,3171
"1532","SPRINGVALE",1973.6,2005,18716,3171
"1533","SPRINGVALE",1973.6,2009,19969,3171
"1534","SPRINGVALE",1973.6,2012,20838,3171
"1535","SPRINGVALE",1973.6,2015,21918,3171
"1536","SPRINGVALE",1973.6,2011,20712,3171
"1537","SPRINGVALE",1973.6,2008,19586,3171
"1538","SPRINGVALE",1973.6,2006,19033,3171
"1539","SPRINGVALE",1973.6,2010,20353,3171
"1540","SPRINGVALE",1973.6,2014,21202,3171
"1541","SPRINGVALE SOUTH",2809.5,2006,12064,3172
"1542","SPRINGVALE SOUTH",2809.5,2007,12217,3172
"1543","SPRINGVALE SOUTH",2809.5,2010,12715,3172
"1544","SPRINGVALE SOUTH",2809.5,2009,12650,3172
"1545","SPRINGVALE SOUTH",2809.5,2015,12811,3172
"1546","SPRINGVALE SOUTH",2809.5,2014,12797,3172
"1547","SPRINGVALE SOUTH",2809.5,2008,12452,3172
"1548","SPRINGVALE SOUTH",2809.5,2012,12783,3172
"1549","SPRINGVALE SOUTH",2809.5,2011,12687,3172
"1550","SPRINGVALE SOUTH",2809.5,2013,12696,3172
"1551","SPRINGVALE SOUTH",2809.5,2005,11738,3172
"1552","ST KILDA",6965.1,2009,23451,3182
"1553","ST KILDA",6965.1,2015,27174,3182
"1554","ST KILDA",6965.1,2010,23798,3182
"1555","ST KILDA",6965.1,2008,22918,3182
"1556","ST KILDA",6965.1,2011,24091,3182
"1557","ST KILDA",6965.1,2014,26383,3182
"1558","ST KILDA",6965.1,2013,25814,3182
"1559","ST KILDA",6965.1,2007,22471,3182
"1560","ST KILDA",6965.1,2012,25307,3182
"1561","ST KILDA",6965.1,2006,21990,3182
"1562","ST KILDA",6965.1,2005,21537,3182
"1563","ST KILDA EAST",7209,2011,16686,3183
"1564","ST KILDA EAST",7209,2006,15847,3183
"1565","ST KILDA EAST",7209,2012,16778,3183
"1566","ST KILDA EAST",7209,2005,15725,3183
"1567","ST KILDA EAST",7209,2014,17230,3183
"1568","ST KILDA EAST",7209,2008,16157,3183
"1569","ST KILDA EAST",7209,2009,16480,3183
"1570","ST KILDA EAST",7209,2007,15948,3183
"1571","ST KILDA EAST",7209,2010,16653,3183
"1572","ST KILDA EAST",7209,2015,17397,3183
"1573","ST KILDA EAST",7209,2013,16934,3183
"1574","STRATHFIELDSAYE",147.2,2015,8304,3551
"1575","STRATHFIELDSAYE",147.2,2012,7389,3551
"1576","STRATHFIELDSAYE",147.2,2009,6568,3551
"1577","STRATHFIELDSAYE",147.2,2013,7652,3551
"1578","STRATHFIELDSAYE",147.2,2008,6246,3551
"1579","STRATHFIELDSAYE",147.2,2011,7095,3551
"1580","STRATHFIELDSAYE",147.2,2010,6823,3551
"1581","STRATHFIELDSAYE",147.2,2007,5927,3551
"1582","STRATHFIELDSAYE",147.2,2005,5310,3551
"1583","STRATHFIELDSAYE",147.2,2006,5597,3551
"1584","STRATHFIELDSAYE",147.2,2014,7978,3551
"1585","STRATHMORE",2371,2015,9827,3041
"1586","STRATHMORE",2371,2013,9528,3041
"1587","STRATHMORE",2371,2008,9169,3041
"1588","STRATHMORE",2371,2005,8907,3041
"1589","STRATHMORE",2371,2012,9430,3041
"1590","STRATHMORE",2371,2010,9419,3041
"1591","STRATHMORE",2371,2006,8987,3041
"1592","STRATHMORE",2371,2009,9378,3041
"1593","STRATHMORE",2371,2011,9397,3041
"1594","STRATHMORE",2371,2014,9657,3041
"1595","STRATHMORE",2371,2007,9036,3041
"1596","SUNSHINE",2103,2005,8244,3020
"1597","SUNSHINE",2103,2011,9238,3020
"1598","SUNSHINE",2103,2012,9361,3020
"1599","SUNSHINE",2103,2015,9951,3020
"1600","SUNSHINE",2103,2006,8345,3020
"1601","SUNSHINE",2103,2014,9810,3020
"1602","SUNSHINE",2103,2009,8936,3020
"1603","SUNSHINE",2103,2007,8473,3020
"1604","SUNSHINE",2103,2013,9592,3020
"1605","SUNSHINE",2103,2008,8710,3020
"1606","SUNSHINE",2103,2010,9129,3020
"1607","SUNSHINE NORTH",1464.4,2011,11108,3020
"1608","SUNSHINE NORTH",1464.4,2012,11275,3020
"1609","SUNSHINE NORTH",1464.4,2015,11749,3020
"1610","SUNSHINE NORTH",1464.4,2005,10473,3020
"1611","SUNSHINE NORTH",1464.4,2006,10505,3020
"1612","SUNSHINE NORTH",1464.4,2007,10525,3020
"1613","SUNSHINE NORTH",1464.4,2009,10770,3020
"1614","SUNSHINE NORTH",1464.4,2008,10592,3020
"1615","SUNSHINE NORTH",1464.4,2010,10982,3020
"1616","SUNSHINE NORTH",1464.4,2014,11610,3020
"1617","SUNSHINE NORTH",1464.4,2013,11429,3020
"1618","SUNSHINE WEST",1452.4,2013,18117,3020
"1619","SUNSHINE WEST",1452.4,2014,18489,3020
"1620","SUNSHINE WEST",1452.4,2006,16450,3020
"1621","SUNSHINE WEST",1452.4,2012,17845,3020
"1622","SUNSHINE WEST",1452.4,2005,16443,3020
"1623","SUNSHINE WEST",1452.4,2008,16629,3020
"1624","SUNSHINE WEST",1452.4,2011,17512,3020
"1625","SUNSHINE WEST",1452.4,2007,16444,3020
"1626","SUNSHINE WEST",1452.4,2010,17303,3020
"1627","SUNSHINE WEST",1452.4,2015,18836,3020
"1628","SUNSHINE WEST",1452.4,2009,17042,3020
"1629","SYDENHAM",3145.9,2010,11924,3037
"1630","SYDENHAM",3145.9,2013,12259,3037
"1631","SYDENHAM",3145.9,2006,11187,3037
"1632","SYDENHAM",3145.9,2011,12058,3037
"1633","SYDENHAM",3145.9,2009,11750,3037
"1634","SYDENHAM",3145.9,2014,12349,3037
"1635","SYDENHAM",3145.9,2005,11061,3037
"1636","SYDENHAM",3145.9,2008,11573,3037
"1637","SYDENHAM",3145.9,2007,11421,3037
"1638","SYDENHAM",3145.9,2015,12421,3037
"1639","SYDENHAM",3145.9,2012,12162,3037
"1640","TARNEIT",546.5,2014,31424,3029
"1641","TARNEIT",546.5,2009,16290,3029
"1642","TARNEIT",546.5,2005,5683,3029
"1643","TARNEIT",546.5,2007,10753,3029
"1644","TARNEIT",546.5,2013,28139,3029
"1645","TARNEIT",546.5,2008,13456,3029
"1646","TARNEIT",546.5,2012,25875,3029
"1647","TARNEIT",546.5,2010,19632,3029
"1648","TARNEIT",546.5,2011,22534,3029
"1649","TARNEIT",546.5,2015,33950,3029
"1650","TARNEIT",546.5,2006,7740,3029
"1651","TAYLORS HILL",3057.9,2007,10309,3037
"1652","TAYLORS HILL",3057.9,2014,17788,3037
"1653","TAYLORS HILL",3057.9,2015,18276,3037
"1654","TAYLORS HILL",3057.9,2009,13753,3037
"1655","TAYLORS HILL",3057.9,2005,6073,3037
"1656","TAYLORS HILL",3057.9,2013,17325,3037
"1657","TAYLORS HILL",3057.9,2006,8253,3037
"1658","TAYLORS HILL",3057.9,2011,16011,3037
"1659","TAYLORS HILL",3057.9,2008,12082,3037
"1660","TAYLORS HILL",3057.9,2012,16693,3037
"1661","TAYLORS HILL",3057.9,2010,15210,3037
"1662","TAYLORS LAKES",1006,2011,18954,3038
"1663","TAYLORS LAKES",1006,2005,18687,3038
"1664","TAYLORS LAKES",1006,2010,19125,3038
"1665","TAYLORS LAKES",1006,2009,19258,3038
"1666","TAYLORS LAKES",1006,2007,19101,3038
"1667","TAYLORS LAKES",1006,2006,18900,3038
"1668","TAYLORS LAKES",1006,2008,19194,3038
"1669","TAYLORS LAKES",1006,2012,18792,3038
"1670","TAYLORS LAKES",1006,2013,18706,3038
"1671","TAYLORS LAKES",1006,2015,18574,3038
"1672","TAYLORS LAKES",1006,2014,18618,3038
"1673","TEMPLESTOWE",1071,2015,17261,3106
"1674","TEMPLESTOWE",1071,2014,17257,3106
"1675","TEMPLESTOWE",1071,2011,17344,3106
"1676","TEMPLESTOWE",1071,2006,17208,3106
"1677","TEMPLESTOWE",1071,2010,17371,3106
"1678","TEMPLESTOWE",1071,2005,17178,3106
"1679","TEMPLESTOWE",1071,2012,17346,3106
"1680","TEMPLESTOWE",1071,2009,17376,3106
"1681","TEMPLESTOWE",1071,2008,17314,3106
"1682","TEMPLESTOWE",1071,2013,17278,3106
"1683","TEMPLESTOWE",1071,2007,17267,3106
"1684","TEMPLESTOWE LOWER",2402.4,2006,13505,3107
"1685","TEMPLESTOWE LOWER",2402.4,2008,13687,3107
"1686","TEMPLESTOWE LOWER",2402.4,2013,13895,3107
"1687","TEMPLESTOWE LOWER",2402.4,2007,13590,3107
"1688","TEMPLESTOWE LOWER",2402.4,2015,14266,3107
"1689","TEMPLESTOWE LOWER",2402.4,2010,13816,3107
"1690","TEMPLESTOWE LOWER",2402.4,2014,13955,3107
"1691","TEMPLESTOWE LOWER",2402.4,2005,13460,3107
"1692","TEMPLESTOWE LOWER",2402.4,2009,13781,3107
"1693","TEMPLESTOWE LOWER",2402.4,2012,13817,3107
"1694","TEMPLESTOWE LOWER",2402.4,2011,13792,3107
"1695","THOMASTOWN",1460.1,2015,21441,3074
"1696","THOMASTOWN",1460.1,2009,21512,3074
"1697","THOMASTOWN",1460.1,2007,21328,3074
"1698","THOMASTOWN",1460.1,2012,21396,3074
"1699","THOMASTOWN",1460.1,2013,21360,3074
"1700","THOMASTOWN",1460.1,2014,21398,3074
"1701","THOMASTOWN",1460.1,2006,21422,3074
"1702","THOMASTOWN",1460.1,2008,21398,3074
"1703","THOMASTOWN",1460.1,2005,21570,3074
"1704","THOMASTOWN",1460.1,2010,21526,3074
"1705","THOMASTOWN",1460.1,2011,21430,3074
"1706","THORNBURY",3863.4,2015,19306,3712
"1707","THORNBURY",3863.4,2010,18177,3712
"1708","THORNBURY",3863.4,2012,18489,3712
"1709","THORNBURY",3863.4,2009,18064,3712
"1710","THORNBURY",3863.4,2014,18997,3712
"1711","THORNBURY",3863.4,2005,17193,3712
"1712","THORNBURY",3863.4,2013,18834,3712
"1713","THORNBURY",3863.4,2006,17368,3712
"1714","THORNBURY",3863.4,2007,17622,3712
"1715","THORNBURY",3863.4,2011,18258,3712
"1716","THORNBURY",3863.4,2008,17880,3712
"1717","TOORAK",3261.3,2013,13879,3142
"1718","TOORAK",3261.3,2011,13768,3142
"1719","TOORAK",3261.3,2009,13979,3142
"1720","TOORAK",3261.3,2014,13944,3142
"1721","TOORAK",3261.3,2015,14086,3142
"1722","TOORAK",3261.3,2010,13939,3142
"1723","TOORAK",3261.3,2005,13672,3142
"1724","TOORAK",3261.3,2006,13765,3142
"1725","TOORAK",3261.3,2012,13816,3142
"1726","TOORAK",3261.3,2008,13956,3142
"1727","TOORAK",3261.3,2007,13861,3142
"1728","TRUGANINA",741.8,2014,17463,3029
"1729","TRUGANINA",741.8,2010,9365,3029
"1730","TRUGANINA",741.8,2013,14954,3029
"1731","TRUGANINA",741.8,2011,11544,3029
"1732","TRUGANINA",741.8,2009,7527,3029
"1733","TRUGANINA",741.8,2012,13481,3029
"1734","TRUGANINA",741.8,2007,4347,3029
"1735","TRUGANINA",741.8,2006,3128,3029
"1736","TRUGANINA",741.8,2008,5770,3029
"1737","TRUGANINA",741.8,2005,2457,3029
"1738","TRUGANINA",741.8,2015,20035,3029
"1739","TULLAMARINE",1752.3,2011,6545,3043
"1740","TULLAMARINE",1752.3,2008,6605,3043
"1741","TULLAMARINE",1752.3,2012,6561,3043
"1742","TULLAMARINE",1752.3,2009,6605,3043
"1743","TULLAMARINE",1752.3,2006,6583,3043
"1744","TULLAMARINE",1752.3,2015,6763,3043
"1745","TULLAMARINE",1752.3,2014,6700,3043
"1746","TULLAMARINE",1752.3,2007,6594,3043
"1747","TULLAMARINE",1752.3,2010,6580,3043
"1748","TULLAMARINE",1752.3,2013,6595,3043
"1749","TULLAMARINE",1752.3,2005,6581,3043
"1750","VERMONT",2313.3,2008,9988,3133
"1751","VERMONT",2313.3,2011,10261,3133
"1752","VERMONT",2313.3,2005,9561,3133
"1753","VERMONT",2313.3,2014,10501,3133
"1754","VERMONT",2313.3,2006,9705,3133
"1755","VERMONT",2313.3,2009,10147,3133
"1756","VERMONT",2313.3,2013,10483,3133
"1757","VERMONT",2313.3,2007,9860,3133
"1758","VERMONT",2313.3,2012,10352,3133
"1759","VERMONT",2313.3,2015,10663,3133
"1760","VERMONT",2313.3,2010,10214,3133
"1761","VERMONT SOUTH",1970.6,2009,11968,3133
"1762","VERMONT SOUTH",1970.6,2007,11915,3133
"1763","VERMONT SOUTH",1970.6,2011,11891,3133
"1764","VERMONT SOUTH",1970.6,2006,11905,3133
"1765","VERMONT SOUTH",1970.6,2008,11906,3133
"1766","VERMONT SOUTH",1970.6,2013,12003,3133
"1767","VERMONT SOUTH",1970.6,2012,11967,3133
"1768","VERMONT SOUTH",1970.6,2005,11865,3133
"1769","VERMONT SOUTH",1970.6,2010,11964,3133
"1770","VERMONT SOUTH",1970.6,2014,12155,3133
"1771","VERMONT SOUTH",1970.6,2015,12186,3133
"1772","WANTIRNA",1696.9,2010,14339,3152
"1773","WANTIRNA",1696.9,2009,14334,3152
"1774","WANTIRNA",1696.9,2014,14144,3152
"1775","WANTIRNA",1696.9,2007,14383,3152
"1776","WANTIRNA",1696.9,2015,14095,3152
"1777","WANTIRNA",1696.9,2005,14383,3152
"1778","WANTIRNA",1696.9,2011,14320,3152
"1779","WANTIRNA",1696.9,2012,14224,3152
"1780","WANTIRNA",1696.9,2006,14361,3152
"1781","WANTIRNA",1696.9,2008,14329,3152
"1782","WANTIRNA",1696.9,2013,14118,3152
"1783","WANTIRNA SOUTH",1392,2005,18191,3152
"1784","WANTIRNA SOUTH",1392,2015,18599,3152
"1785","WANTIRNA SOUTH",1392,2013,18188,3152
"1786","WANTIRNA SOUTH",1392,2010,18270,3152
"1787","WANTIRNA SOUTH",1392,2012,18044,3152
"1788","WANTIRNA SOUTH",1392,2006,18278,3152
"1789","WANTIRNA SOUTH",1392,2014,18293,3152
"1790","WANTIRNA SOUTH",1392,2011,18176,3152
"1791","WANTIRNA SOUTH",1392,2008,18309,3152
"1792","WANTIRNA SOUTH",1392,2009,18304,3152
"1793","WANTIRNA SOUTH",1392,2007,18238,3152
"1794","WATSONIA",2480.7,2014,9367,3087
"1795","WATSONIA",2480.7,2008,9263,3087
"1796","WATSONIA",2480.7,2010,9308,3087
"1797","WATSONIA",2480.7,2013,9338,3087
"1798","WATSONIA",2480.7,2015,9391,3087
"1799","WATSONIA",2480.7,2009,9310,3087
"1800","WATSONIA",2480.7,2011,9320,3087
"1801","WATSONIA",2480.7,2005,9077,3087
"1802","WATSONIA",2480.7,2006,9036,3087
"1803","WATSONIA",2480.7,2012,9308,3087
"1804","WATSONIA",2480.7,2007,9174,3087
"1805","WERRIBEE",241.7,2014,32100,3030
"1806","WERRIBEE",241.7,2013,31984,3030
"1807","WERRIBEE",241.7,2015,32733,3030
"1808","WERRIBEE",241.7,2010,30643,3030
"1809","WERRIBEE",241.7,2012,31375,3030
"1810","WERRIBEE",241.7,2011,30834,3030
"1811","WERRIBEE",241.7,2005,29466,3030
"1812","WERRIBEE",241.7,2009,30428,3030
"1813","WERRIBEE",241.7,2006,29683,3030
"1814","WERRIBEE",241.7,2008,30089,3030
"1815","WERRIBEE",241.7,2007,29843,3030
"1816","WHEELERS HILL",1977.7,2013,20090,3150
"1817","WHEELERS HILL",1977.7,2009,20416,3150
"1818","WHEELERS HILL",1977.7,2008,20431,3150
"1819","WHEELERS HILL",1977.7,2006,20627,3150
"1820","WHEELERS HILL",1977.7,2005,20642,3150
"1821","WHEELERS HILL",1977.7,2010,20295,3150
"1822","WHEELERS HILL",1977.7,2014,20519,3150
"1823","WHEELERS HILL",1977.7,2012,20154,3150
"1824","WHEELERS HILL",1977.7,2007,20489,3150
"1825","WHEELERS HILL",1977.7,2015,20669,3150
"1826","WHEELERS HILL",1977.7,2011,20125,3150
"1827","WILLIAMSTOWN",2127.1,2014,15528,3016
"1828","WILLIAMSTOWN",2127.1,2013,15389,3016
"1829","WILLIAMSTOWN",2127.1,2010,15393,3016
"1830","WILLIAMSTOWN",2127.1,2005,14550,3016
"1831","WILLIAMSTOWN",2127.1,2009,15400,3016
"1832","WILLIAMSTOWN",2127.1,2007,14950,3016
"1833","WILLIAMSTOWN",2127.1,2011,15354,3016
"1834","WILLIAMSTOWN",2127.1,2008,15119,3016
"1835","WILLIAMSTOWN",2127.1,2012,15419,3016
"1836","WILLIAMSTOWN",2127.1,2006,14751,3016
"1837","WILLIAMSTOWN",2127.1,2015,15628,3016
"1838","WYNDHAM VALE",181.6,2006,10658,3024
"1839","WYNDHAM VALE",181.6,2005,9754,3024
"1840","WYNDHAM VALE",181.6,2007,11838,3024
"1841","WYNDHAM VALE",181.6,2008,13168,3024
"1842","WYNDHAM VALE",181.6,2011,17687,3024
"1843","WYNDHAM VALE",181.6,2012,19545,3024
"1844","WYNDHAM VALE",181.6,2014,22352,3024
"1845","WYNDHAM VALE",181.6,2010,16365,3024
"1846","WYNDHAM VALE",181.6,2015,23293,3024
"1847","WYNDHAM VALE",181.6,2009,14688,3024
"1848","WYNDHAM VALE",181.6,2013,21336,3024
"1849","YARRAVILLE",2726.5,2011,14325,3013
"1850","YARRAVILLE",2726.5,2013,14798,3013
"1851","YARRAVILLE",2726.5,2005,13006,3013
"1852","YARRAVILLE",2726.5,2010,14185,3013
"1853","YARRAVILLE",2726.5,2007,13536,3013
"1854","YARRAVILLE",2726.5,2014,15095,3013
"1855","YARRAVILLE",2726.5,2006,13205,3013
"1856","YARRAVILLE",2726.5,2015,15324,3013
"1857","YARRAVILLE",2726.5,2008,13815,3013
"1858","YARRAVILLE",2726.5,2012,14563,3013
"1859","YARRAVILLE",2726.5,2009,14030,3013
